hanri	simplified	reading	mandarin_trad	mandarin_simp	english	corrected	entry_type	entry_id
		# implicit-tone-overrides (single Hangul-only hanri rows used when the typed form has no tone mark)						
가ˉ야ˆ		가5야1	咖椰醬	咖椰酱	kaya		hangul_override	U+AC00_U+C57C_00
가ˉ야ˉ또디ˆ		가5야5또디1	咖椰麵包	咖椰面包	kaya bread; kaya roti		hangul_override	U+AC00_U+C57C_U+B610_U+B514_00
갈ˉ		갈5	和; 一起	〃	with; together		hangul_override	U+AC08_00
감ˋ		감2	是否	〃	(question marker)		hangul_override	U+AC10_00
고ˉ비ˆ		고5비1	咖啡	〃	coffee		hangul_override	U+ACE0_U+BE44_00
곻		곻	再	〃	again		hangul_override	U+ACFB_00
꽈ˋ		꽈2	我	〃	I; me		hangul_override	U+AF48_00
’꽈		’꽈	我	〃	me		hangul_override	U+2019_U+AF48_00
꽌ˋ		꽌2	我; 我的; 我們	我; 我的; 我们	I; my; we (exclusive of listener)		hangul_override	U+AF4C_00
꾼ˋ		꾼2	我; 我的; 我們	我; 我的; 我们	I; my; we (exclusive of listener)		hangul_override	U+AFBC_00
댱ˊ		댱4	誰	谁	who		hangul_override	U+B331_00
뎋		뎋					hangul_override	U+B38B_00
’됴		’됴					hangul_override	U+2019_U+B434_00
’둏		’둏					hangul_override	U+2019_U+B44F_00
또디ˆ		또디1	麵包	面包	bread; roti		hangul_override	U+B610_U+B514_00
란ˋ		란2	我們	我们	we (inclusive of listener)		hangul_override	U+B780_00
’래		’래					hangul_override	U+2019_U+B798_00
’ᄅᆤˋ		’ᄅᆤ2	了	〃	perfective aspect marker		hangul_override	U+2019_U+1105_U+11A4_00
렁ˋ		렁2	全部	〃	all		hangul_override	U+B801_00
릐ˋ		릐2	你	〃	you		hangul_override	U+B990_00
’릐		’릐	你	〃	you		hangul_override	U+2019_U+B990_00
린ˋ		린2	你; 你的	〃	you; your		hangul_override	U+B9B0_00
매		매	不要; 不應該	不要; 不应该	shouldn't; don't want		hangul_override	U+B9E4_00
매ˉ로ˆ		매5로1	美祿	美禄	Milo		hangul_override	U+B9E4_U+B85C_00
메ˉ끼ˆ		메5끼1	美極麵	美极面	Maggi (noodles)		hangul_override	U+BA54_U+B07C_00
빼ˋ		빼2	壞	坏	bad		hangul_override	U+BE7C_00
뻐ˋ		뻐2	妻子	〃	wife		hangul_override	U+BED0_00
’뽀ˊ		’뽀4	不	〃	not		hangul_override	U+2019_U+BF40_00
뽀ˊ		뽀4	不	〃	not		hangul_override	U+BF40_00
뾔ˉ		뾔5	不會	不会	won't; will not		hangul_override	U+BF94_00
뾔당		뾔당	不能; 不會	不能; 不会	cannot; will not be able to		hangul_override	U+BF94_U+B2F9_00
샹ˊ		샹4	誰	谁	who		hangul_override	U+C0F9_00
아ˉ		아5	啊	〃	ah		hangul_override	U+C544_00
안ˆ네ˆ		안1네1	這樣; 那樣	这样; 那样	like this; like that		hangul_override	U+C548_U+B124_00
안ˆ니ˆ		안1니1	這樣; 那樣	这样; 那样	like this; like that		hangul_override	U+C548_U+B2C8_00
애		애	應該; 想要	应该; 想要	should; want		hangul_override	U+C560_00
’에		’에	的	〃	’s; possessive particle; attributive particle		hangul_override	U+2019_U+C5D0_00
에당		에당	能; 可以	〃	can; be able to		hangul_override	U+C5D0_U+B2F9_00
음시ˉ		음시5	不是	〃	is not		hangul_override	U+C74C_U+C2DC_00
’이		’이	他	〃	him		hangul_override	U+2019_U+C774_00
이ˉ		이5	他; 她; 他們	他; 她; 他们	he; she; they		hangul_override	U+C774_00
인ˉ		인5	他們; 他們的	他们; 他们的	they, their		hangul_override	U+C778_00
자ˉ뻐ˋ		자5뻐2	女人	〃	woman		hangul_override	U+C790_U+BED0_00
쟈ˆ		쟈1	這裡	这里	here		hangul_override	U+C7C8_00
제ˋ		제2	這	这	this		hangul_override	U+C81C_00
챻ˆ챻		챻1챻	恰恰舞	〃	cha-cha		hangul_override	U+CC7B_U+CC7B_00
칟ˆ토ˊ		칟1토4	玩; 遊玩	玩; 游玩	to play; to have a good time		hangul_override	U+CE5F_U+D1A0_00
캏		캏	更	〃	more; even more		hangul_override	U+CE8F_00
’킈		’킈					hangul_override	U+2019_U+D088_00
햐ˆ		햐1	那裡	那里	there		hangul_override	U+D590_00
허ˉ		허5	給	给	give		hangul_override	U+D5C8_00
헤ˋ		헤2	那	〃	that		hangul_override	U+D5E4_00
加	〃	가1	〃	〃	add; increase		lexical	U+52A0_00
家	〃	가1	〃	〃	home		lexical	U+5BB6_00
鉸	铰	가1	剪	〃	cut		lexical	U+9278_00
到	〃	가	〃	〃	reach; arrive		lexical	U+5230_00
教	〃	가	〃	〃	teach; religion		lexical	U+6559_00
咬	〃	가5	〃	〃	bite		lexical	U+54AC_00
家己	〃	가5기5	自己	〃	oneself		lexical	U+5BB6_U+5DF1_00
嘉義	嘉义	가5끼5	〃	嘉义	Chiayi		lexical	U+5609_U+7FA9_00
加東	加东	가5덩1	〃	加东	Katong		lexical	U+52A0_U+6771_00
鉸刀	铰刀	가5도1	剪刀	〃	scissors		lexical	U+9278_U+5200_00
咳嗽	〃	가5ᄉᅷ	〃	〃	cough		lexical	U+54B3_U+55FD_00
駕駛	驾驶	가2수2	〃	驾驶	drive; use		lexical	U+99D5_U+99DB_00
虼蚻	〃	가5좧1	蟑螂	〃	cockroach		lexical	U+867C_U+86BB_00
鉸頭毛	铰头毛	가5ᄐᅷ믕4	剪頭髮	剪头发	cut hair		lexical	U+9278_U+982D_U+6BDB_00
覺	觉	각	〃	觉	feel; perceive		lexical	U+89BA_00
角	〃	각	〃	〃	corner; horn		lexical	U+89D2_00
覺得	觉得	각1딛	〃	觉得	think that; feel that		lexical	U+89BA_U+5F97_00
覺醒	觉醒	각1칠2	〃	觉醒	awaken; become aware		lexical	U+89BA_U+9192_00
艱	艰	간1	艱難	艰难	difficult; hard		lexical	U+8271_00
間	间	간1	〃	间	between; room		lexical	U+9593_00
簡單	简单	간1단1	〃	简单	simple; uncomplicated		lexical	U+7C21_U+55AE_00
艱苦	艰苦	간5커2	辛苦	〃	hard; exhausting; toilful		lexical	U+8271_U+82E6_00
敢	〃	갈2	〃	〃	dare		lexical	U+6562_00
甘	〃	감1	〃	〃	sweet; pleasant		lexical	U+7518_00
感	〃	감2	〃	〃	feel; sense		lexical	U+611F_00
含	〃	감4	〃	〃	contain; hold in the mouth		lexical	U+542B_00
感覺	感觉	감1각	〃	感觉	to feel		lexical	U+611F_U+89BA_00
甘願	甘愿	감5꽌5	願意	愿意	be willing to		lexical	U+7518_U+9858_00
感謝	感谢	감1샤5	〃	感谢	thank		lexical	U+611F_U+8B1D_00
感受	〃	감1슈5	〃	〃	feeling; experience		lexical	U+611F_U+53D7_00
感情	〃	감1졩4	〃	〃	feeling; affection; relationship		lexical	U+611F_U+60C5_00
工	〃	강1	〃	〃	work; day		lexical	U+5DE5_00
港	〃	강2	〃	〃	harbor; Hong Kong		lexical	U+6E2F_00
講	讲	강2	說	说	say		lexical	U+8B1B_00
仝	〃	강5	〃	〃	same; together		lexical	U+4EDD_00
港墘	〃	강1길4	港邊	港边	harbor; Hong Kong; edge; side		lexical	U+6E2F_U+5898_00
江山易改	〃	강5산5이개2	〃	〃	mountain; change		lexical	U+6C5F_U+5C71_U+6613_U+6539_00
港灣	港湾	강1완1	〃	港湾	harbor; Hong Kong; bay		lexical	U+6E2F_U+7063_00
仝款	〃	강콴2	一樣	一样	same; alike		lexical	U+4EDD_U+6B3E_00
佮	〃	갛	和	〃	and		lexical	U+4F6E_00
徦	〃	갛	得	〃	to the extent		lexical	U+5FA6_00
蓋	盖	갛	〃	盖	cover; lid		lexical	U+84CB_00
佮意	〃	갛1이	喜歡	喜欢	like; be fond of		lexical	U+4F6E_U+610F_00
胛脊	〃	갛1쟣	肩胛骨; 脊背	〃	shoulder blade; spine		lexical	U+80DB_U+810A_00
九	〃	ᄀᅷ2	〃	〃	nine		lexical	U+4E5D_00
狗	〃	ᄀᅷ2	〃	〃	dog		lexical	U+72D7_00
到	〃	ᄀᅷ	〃	〃	reach; arrive		lexical	U+5230_01
夠	够	ᄀᅷ	〃	够	enough		lexical	U+5920_00
教	〃	ᄀᅷ	〃	〃	teach; religion		lexical	U+6559_01
猴	〃	ᄀᅷ4	〃	〃	monkey		lexical	U+7334_00
厚	〃	ᄀᅷ5	〃	〃	thick; generous		lexical	U+539A_00
到今	〃	ᄀᅷ2달1	至今	〃	until now		lexical	U+5230_U+4ECA_00
交代	〃	ᄀᅷ5대5	〃	〃	exchange; hand over; generation; replace		lexical	U+4EA4_U+4EE3_00
教堂	〃	ᄀᅷ2등4	〃	〃	church		lexical	U+6559_U+5802_00
九百	〃	ᄀᅷ1밯	〃	〃	nine hundred		lexical	U+4E5D_U+767E_00
交陪	〃	ᄀᅷ5붸4	陪伴	〃	accompany		lexical	U+4EA4_U+966A_00
到尾仔	〃	ᄀᅷ2쀄1아2	最後; 終於	最后; 终于	finally; in the end		lexical	U+5230_U+5C3E_U+4ED4_00
狗屎	〃	ᄀᅷ1새2	〃	〃	dog shit		lexical	U+72D7_U+5C4E_00
教育	〃	ᄀᅷ2역1	〃	〃	education		lexical	U+6559_U+80B2_00
教育部	〃	ᄀᅷ2역버5	〃	〃	Ministry of Education		lexical	U+6559_U+80B2_U+90E8_00
厚話	厚话	ᄀᅷ웨5	多話	多话	speech; language		lexical	U+539A_U+8A71_00
九十	〃	ᄀᅷ1잡1	〃	〃	ninety		lexical	U+4E5D_U+5341_00
狡制	〃	ᄀᅷ1제	刁鑽; 古怪; 彆扭	刁钻; 古怪; 别扭	fussy; contrary; awkward		lexical	U+72E1_U+5236_00
交通	〃	ᄀᅷ5텅1	〃	〃	traffic		lexical	U+4EA4_U+901A_00
蚼蟻	蚼蚁	ᄀᅷ1햐5	螞蟻	蚂蚁	ant		lexical	U+86BC_U+87FB_00
改	〃	개2	〃	〃	change		lexical	U+6539_00
蓋	盖	개	〃	盖	cover; lid		lexical	U+84CB_01
改變	改变	개1볜	〃	改变	change		lexical	U+6539_U+8B8A_00
介紹	介绍	개2ᄉᆤ5	〃	介绍	introduce; recommend; explain		lexical	U+4ECB_U+7D39_00
解說	解说	개1쉫	〃	解说	explain; untie; say		lexical	U+89E3_U+8AAA_00
寄	〃	갸	寄; 送	〃	send; deliver		lexical	U+5BC4_00
京	〃	걀1	首都	〃	capital		lexical	U+4EAC_00
驚	惊	걀1	害怕	〃	scared		lexical	U+9A5A_00
囝	〃	걀2	孩子	〃	child		lexical	U+56DD_00
行	〃	걀4	〃	〃	walk; go		lexical	U+884C_00
件	〃	걀5	〃	〃	item; piece		lexical	U+4EF6_00
驚驚	惊惊	걀5걀1	害怕	〃	scared		lexical	U+9A5A_U+9A5A_00
行踏	〃	걀닿1	走動; 踩踏	走动; 踩踏	walk around; tread		lexical	U+884C_U+8E0F_00
囝兒	囝儿	걀1띠4	孩子們	孩子们	children		lexical	U+56DD_U+5152_00
驚人	惊人	걀5랑4	嚇人	吓人	scary		lexical	U+9A5A_U+4EBA_00
驚人偷	惊人偷	걀5랑ᄐᅷ1	怕被偷	〃	afraid of thieves		lexical	U+9A5A_U+4EBA_U+5077_00
囝孫	囝孙	걀1순1	子孫	子孙	child		lexical	U+56DD_U+5B6B_00
驚惶	惊惶	걀5햘4	害怕	〃	scared		lexical	U+9A5A_U+60F6_00
兼	〃	걈1	〃	〃	also; concurrently		lexical	U+517C_00
減	减	걈2	〃	减	reduce		lexical	U+6E1B_00
鹹	咸	걈4	〃	咸	salty		lexical	U+9E79_00
鹹酥雞	咸酥鸡	걈서5괴1	〃	咸酥鸡	Taiwanese popcorn chicken		lexical	U+9E79_U+9165_U+96DE_00
鹹酸苦澀	咸酸苦涩	걈승5커1샵	〃	咸酸苦涩	salty, sour, bitter and astringent; hardships		lexical	U+9E79_U+9178_U+82E6_U+6F80_00
謙虛	谦虚	걈5희1	〃	谦虚	modest; empty; weak		lexical	U+8B19_U+865B_00
劫	〃	걉	〃	〃	robbery; calamity		lexical	U+52AB_00
孤	〃	거1	〃	〃	lone		lexical	U+5B64_00
故	〃	거	〃	〃	old; reason		lexical	U+6545_00
顧	顾	거	照顧	照顾	look after; care for		lexical	U+9867_00
糊	〃	거4	〃	〃	paste; thick soup		lexical	U+7CCA_00
孤孤單單	孤孤单单	거5거5돨5돨1	孤單	孤单	lonely; all alone		lexical	U+5B64_U+5B64_U+55AE_U+55AE_00
孤單	孤单	거5돨1	〃	孤单	lonely		lexical	U+5B64_U+55AE_00
顧人怨	顾人怨	거2랑완	惹人厭	惹人厌	annoying		lexical	U+9867_U+4EBA_U+6028_00
故事	〃	거2수5	〃	〃	story		lexical	U+6545_U+4E8B_00
孤身	〃	거5신1	〃	〃	alone		lexical	U+5B64_U+8EAB_00
故意	〃	거2이	〃	〃	intentionally		lexical	U+6545_U+610F_00
古早	〃	거1자2	很久以前; 古時候	很久以前; 古时候	long ago; olden days		lexical	U+53E4_U+65E9_00
古錐	古锥	거1쥐1	可愛	可爱	cute; adorable		lexical	U+53E4_U+9310_00
故鄉	故乡	거2형1	〃	故乡	hometown		lexical	U+6545_U+9109_00
各	〃	걱	〃	〃	each		lexical	U+5404_00
國	国	걱	〃	国	country		lexical	U+570B_00
國家	国家	걱1가1	〃	国家	state; country		lexical	U+570B_U+5BB6_00
各人	〃	걱1랑4	每個人; 大家	每个人; 大家	each person; everyone		lexical	U+5404_U+4EBA_00
國立	国立	걱1립1	〃	国立	a national institution		lexical	U+570B_U+7ACB_00
國姓爺	国姓爷	걱1솅2야4	〃	国姓爷	country		lexical	U+570B_U+59D3_U+723A_00
國際	国际	걱1제	〃	国际	international		lexical	U+570B_U+969B_00
國際機場	国际机场	걱1제2기5듈4	〃	国际机场	international airport		lexical	U+570B_U+969B_U+6A5F_U+5834_00
國父	国父	걱1후5	〃	国父	founding father		lexical	U+570B_U+7236_00
光	〃	겅1	〃	〃	light		lexical	U+5149_00
公	〃	겅1	〃	〃	male		lexical	U+516C_00
講	讲	겅2	說	说	say		lexical	U+8B1B_01
功德	〃	겅5뎩	〃	〃	pious deeds		lexical	U+529F_U+5FB7_00
公里	〃	겅5리2	〃	〃	kilometre		lexical	U+516C_U+91CC_00
公媽	公妈	겅5마2	祖父母	〃	grandparents		lexical	U+516C_U+5ABD_00
光明	〃	겅5뼹4	〃	〃	bright; brightness		lexical	U+5149_U+660E_00
公司	〃	겅5시1	〃	〃	company		lexical	U+516C_U+53F8_00
講話	讲话	겅1웨5	〃	讲话	speak		lexical	U+8B1B_U+8A71_00
光陰	光阴	겅5임1	〃	光阴	time		lexical	U+5149_U+9670_00
公主	〃	겅5주2	〃	〃	princess		lexical	U+516C_U+4E3B_00
講法	讲法	겅1홛	〃	讲法	speak; say		lexical	U+8B1B_U+6CD5_00
廣府	广府	겅1후2	〃	广府	Canton (Guangzhou)		lexical	U+5EE3_U+5E9C_00
廣府人	广府人	겅1후1랑4	〃	广府人	Cantonese people		lexical	U+5EE3_U+5E9C_U+4EBA_00
廣府話	广府话	겅1후1웨5	〃	广府话	Cantonese speech		lexical	U+5EE3_U+5E9C_U+8A71_00
公園	公园	겅5흥4	〃	公园	park		lexical	U+516C_U+5712_00
加	〃	게1	〃	〃	add; increase		lexical	U+52A0_01
家	〃	게1	〃	〃	home		lexical	U+5BB6_01
假	〃	게2	〃	〃	false; fake		lexical	U+5047_00
嫁	〃	게	〃	〃	marry; marry off		lexical	U+5AC1_00
低	〃	게5	〃	〃	low		lexical	U+4F4E_00
計較	计较	게2ᄀᅷ	〃	计较	argue; haggle; fuss over		lexical	U+8A08_U+8F03_00
家婆	〃	게5보4	多管閒事	多管闲事	to be busybody		lexical	U+5BB6_U+5A46_00
繼續	继续	게2셕1	〃	继续	continue; inherit		lexical	U+7E7C_U+7E8C_00
家後	家后	게5ᄋᅷ5	妻子	〃	wife		lexical	U+5BB6_U+5F8C_00
家賄	家贿	게5훼2	家產	家产	family property		lexical	U+5BB6_U+8CC4_00
劇	剧	격1	〃	剧	drama; severe		lexical	U+5287_00
劇情	剧情	격졩4	〃	剧情	plot		lexical	U+5287_U+60C5_00
強	强	경4	〃	强	strong		lexical	U+5F37_00
共	〃	경5	〃	〃	together; with; communist		lexical	U+5171_00
拱手	〃	경1츄2	〃	〃	hand		lexical	U+62F1_U+624B_00
拱起手	〃	경1키1츄2	〃	〃	rise; start; hand		lexical	U+62F1_U+8D77_U+624B_00
激	〃	곅	〃	〃	excite; intense		lexical	U+6FC0_00
激慐慐	〃	곅1껑껑5	驚慌; 發愣	惊慌; 发愣	stunned; flustered		lexical	U+6FC0_U+6150_U+6150_00
建	〃	곈	〃	〃	build; establish		lexical	U+5EFA_00
健	〃	곈5	〃	〃	healthy; strong		lexical	U+5065_00
堅強	坚强	곈5경4	〃	坚强	strong		lexical	U+5805_U+5F37_00
堅定	坚定	곈5뎽5	〃	坚定	fixed; certain; decide		lexical	U+5805_U+5B9A_00
堅持	坚持	곈5치4	〃	坚持	persevere		lexical	U+5805_U+6301_00
健康	〃	곈컹1	〃	〃	healthy; strong; peaceful		lexical	U+5065_U+5EB7_00
傑	杰	곋1	〃	杰	outstanding		lexical	U+5091_00
杰	〃	곋1	〃	〃	outstanding		lexical	U+6770_00
結局	结局	곋1격1	〃	结局	outcome; ending		lexical	U+7D50_U+5C40_00
結果	结果	곋1고2	〃	结果	tie; knot		lexical	U+7D50_U+679C_00
結婚	结婚	곋1훈1	〃	结婚	to get married		lexical	U+7D50_U+5A5A_00
經	经	곙1	〃	经	scripture; classic; pass through		lexical	U+7D93_00
境	〃	곙2	〃	〃	border; situation		lexical	U+5883_00
揀	拣	곙2	〃	拣	choose		lexical	U+63C0_00
挭	〃	곙5			block; choke		lexical	U+632D_00
更加	〃	곙2가1	〃	〃	more; again; add; increase		lexical	U+66F4_U+52A0_00
經過	经过	곙5궤	〃	经过	scripture; classic; pass through; pass; exceed		lexical	U+7D93_U+904E_00
經歷	经历	곙5롁1	〃	经历	scripture; classic; pass through		lexical	U+7D93_U+6B77_00
景色	〃	곙1셱	〃	〃	color		lexical	U+666F_U+8272_00
經濟	经济	곙5제	〃	经济	economy; finance; economics		lexical	U+7D93_U+6FDF_00
高	〃	고1	〃	〃	tall; high		lexical	U+9AD8_00
個	个	고	〃	个	individual; classifier		lexical	U+500B_00
過	过	고	〃	过	pass		lexical	U+904E_00
高中	〃	고5뎡1	〃	〃	high school		lexical	U+9AD8_U+4E2D_00
果然	〃	고1뗸4	〃	〃	so; thus		lexical	U+679C_U+7136_00
고ˉ비ˉ店	〃	고5비5댬5	咖啡店	〃	coffee shop		lexical	U+ACE0_U+BE44_U+5E97_00
告辭	告辞	고2시4	〃	告辞	bid farewell		lexical	U+544A_U+8FAD_00
高鐵	高铁	고5팋	〃	高铁	high-speed rail		lexical	U+9AD8_U+9435_00
高雄	〃	고5형4	〃	〃	Kaohsiung		lexical	U+9AD8_U+96C4_00
歌	〃	과1	〃	〃	song		lexical	U+6B4C_00
寡	〃	과2	〃	〃	few; little		lexical	U+5BE1_00
歌壇	歌坛	과5돨4	〃	歌坛	song		lexical	U+6B4C_U+58C7_00
歌迷	〃	과5뻬4	〃	〃	fan		lexical	U+6B4C_U+8FF7_00
掛意	挂意	과2이	〃	挂意	worry; be concerned		lexical	U+639B_U+610F_00
歌唱	〃	과5츌	〃	〃	song		lexical	U+6B4C_U+5531_00
關	关	관1	〃	关	close		lexical	U+95DC_00
管	〃	관2	〃	〃	pipe; manage		lexical	U+7BA1_00
館	馆	관2	〃	馆	hall; shop; institution		lexical	U+9928_00
觀世音	观世音	관5세2임1	〃	观世音	world; generation; sound		lexical	U+89C0_U+4E16_U+97F3_00
關係	关系	관5헤5	〃	关系	close		lexical	U+95DC_U+4FC2_00
決定	决定	괃1뎽5	〃	决定	fixed; certain; decide		lexical	U+6C7A_U+5B9A_00
肝	〃	괄1	〃	〃	liver		lexical	U+809D_00
寒	〃	괄4	〃	〃	cold		lexical	U+5BD2_00
汗	〃	괄5	〃	〃	sweat		lexical	U+6C57_00
趕緊	赶紧	괄1긴2	〃	赶紧	hurriedly		lexical	U+8D95_U+7DCA_00
菅芒	〃	괄5빵4	芒草	〃	silvergrass; miscanthus grass		lexical	U+83C5_U+8292_00
寒天	〃	괄틸1	〃	〃	cold day		lexical	U+5BD2_U+5929_00
乖	〃	괘1	〃	〃	obedient; well-behaved		lexical	U+4E56_00
怪	〃	괘	〃	〃	weird; to blame		lexical	U+602A_00
乖囝	〃	괘5걀2	乖孩子	〃	child		lexical	U+4E56_U+56DD_00
懸	悬	괠4	高	〃	tall		lexical	U+61F8_00
縣	县	괠5	〃	县	county		lexical	U+7E23_00
街	〃	괴1	〃	〃	street		lexical	U+8857_00
雞	鸡	괴1	〃	鸡	chicken		lexical	U+96DE_00
雞卵	鸡卵	괴5능5	雞蛋	鸡蛋	chicken egg		lexical	U+96DE_U+5375_00
街路	〃	괴5러5	街道	〃	street; road		lexical	U+8857_U+8DEF_00
雞肉	鸡肉	괴5빻	〃	鸡肉	chicken (meat)		lexical	U+96DE_U+8089_00
街市	〃	괴5치5	市場	市场	market; street market		lexical	U+8857_U+5E02_00
叫	〃	교	〃	〃	to call; known as		lexical	U+53EB_00
龜	龟	구1	〃	龟	turtle; tortoise		lexical	U+9F9C_00
久	〃	구2	〃	〃	long time		lexical	U+4E45_00
舅	〃	구5	〃	〃	maternal uncle		lexical	U+8205_00
舊年	旧年	구니4	去年	〃	year		lexical	U+820A_U+5E74_00
久長	久长	구1등4	〃	久长	long (time)		lexical	U+4E45_U+9577_00
舊早	旧早	구자2	從前	从前	early; morning		lexical	U+820A_U+65E9_00
君	〃	군1	〃	〃	gentleman		lexical	U+541B_00
君王	〃	군5엉4	〃	〃	lord; ruler; king		lexical	U+541B_U+738B_00
君子	〃	군5주2	〃	〃	lord; ruler; child; son		lexical	U+541B_U+5B50_00
掘	〃	굳1	〃	〃	dig		lexical	U+6398_00
骨	〃	굳	〃	〃	bone		lexical	U+9AA8_00
倔強	倔强	굳경5	〃	倔强	strong		lexical	U+5014_U+5F37_00
粿	〃	궤2	〃	〃	kueh		lexical	U+7CBF_00
過	过	궤	〃	过	pass		lexical	U+904E_01
過癮	过瘾	궤2꼔	〃	过瘾	pass; exceed		lexical	U+904E_U+766E_00
粿條	粿条	궤1ᄃᆤ4	〃	粿条	kway teow		lexical	U+7CBF_U+689D_00
過程	过程	궤2뎽4	〃	过程	process		lexical	U+904E_U+7A0B_00
果子	〃	궤1즤2	水果	〃	child; son		lexical	U+679C_U+5B50_00
過客	过客	궤2켛	〃	过客	pass; exceed		lexical	U+904E_U+5BA2_00
過去	过去	궤2킈	〃	过去	pass; exceed; go		lexical	U+904E_U+53BB_00
歸	归	귀1	〃	归	return; belong to		lexical	U+6B78_00
規	规	귀1	〃	规	rule; plan		lexical	U+898F_00
幾	几	귀2	〃	几	how many; several		lexical	U+5E7E_00
鬼	〃	귀2	〃	〃	ghost		lexical	U+9B3C_00
貴	贵	귀	〃	贵	expensive; noble		lexical	U+8CB4_00
規工	规工	귀5강1	整天	〃	work		lexical	U+898F_U+5DE5_00
幾若擺	几若摆	귀1나배2	幾次	几次	several times		lexical	U+5E7E_U+82E5_U+64FA_00
規律	规律	귀5룯1	〃	规律	regularity; routine		lexical	U+898F_U+5F8B_00
規暝	规暝	귀5미4	整夜	〃	the whole night		lexical	U+898F_U+669D_00
歸屬	归属	귀5셕1	〃	归属	return; belong to		lexical	U+6B78_U+5C6C_00
歸宿	归宿	귀5셕	〃	归宿	return; belong to; lodging; destiny		lexical	U+6B78_U+5BBF_00
規个	规个	귀5에4	整個	整个	whole; entire		lexical	U+898F_U+4E2A_00
關	关	귈1	〃	关	close		lexical	U+95DC_01
求	〃	규4	〃	〃	seek; request		lexical	U+6C42_00
久仰	〃	규1꼉2	〃	〃	long time; admire; look up		lexical	U+4E45_U+4EF0_00
求神	〃	규신4	〃	〃	pray to gods		lexical	U+6C42_U+795E_00
薑	姜	귤1	〃	姜	ginger		lexical	U+8591_00
光	〃	긍1	〃	〃	light		lexical	U+5149_01
扛	〃	긍1	〃	〃	carry; lift		lexical	U+625B_00
廣東	广东	긍1당1	〃	广东	Guangdong		lexical	U+5EE3_U+6771_00
廣東人	广东人	긍1당5랑4	〃	广东人	Cantonese		lexical	U+5EE3_U+6771_U+4EBA_00
廣東話	广东话	긍1당5웨5	〃	广东话	Cantonese		lexical	U+5EE3_U+6771_U+8A71_00
光映映	〃	긍5얄2얄	閃亮	闪亮	shiny		lexical	U+5149_U+6620_U+6620_00
支	〃	기1	〃	〃	branch; support		lexical	U+652F_00
機	机	기1	〃	机	machine; opportunity		lexical	U+6A5F_00
記	记	기	〃	记	record; remember		lexical	U+8A18_00
其	〃	기4	〃	〃	that; its		lexical	U+5176_00
旗	〃	기4	〃	〃	flag		lexical	U+65D7_00
祈求	〃	기규4	〃	〃	pray; seek; request		lexical	U+7948_U+6C42_00
機場	机场	기5듈4	〃	机场	airport		lexical	U+6A5F_U+5834_00
記持	记持	기2디4	記憶	记忆	record; remember		lexical	U+8A18_U+6301_00
記得	记得	기2딛1	〃	记得	remember		lexical	U+8A18_U+5F97_00
紀念	纪念	기2럄5	〃	纪念	commemorate; remembrance		lexical	U+7D00_U+5FF5_00
紀念館	纪念馆	기2럄관2	〃	纪念馆	memorial hall		lexical	U+7D00_U+5FF5_U+9928_00
其實	其实	기싣1	〃	其实	actually; in fact		lexical	U+5176_U+5BE6_00
機車	机车	기5챠1	〃	机车	motorcycle		lexical	U+6A5F_U+8ECA_00
其他	〃	기탈1	〃	〃	that; its		lexical	U+5176_U+4ED6_00
期待	〃	기태5	〃	〃	anticipate		lexical	U+671F_U+5F85_00
機會	机会	기5훼5	〃	机会	opportunity; chance		lexical	U+6A5F_U+6703_00
今	〃	긴1	〃	〃	now; present		lexical	U+4ECA_00
緊	紧	긴2	〃	紧	fast; quick		lexical	U+7DCA_00
今年	〃	긴5니4	〃	〃	year		lexical	U+4ECA_U+5E74_00
今日	〃	긴5띧1	〃	〃	today		lexical	U+4ECA_U+65E5_00
今暝	〃	긴5미4	今晚	〃	night		lexical	U+4ECA_U+669D_00
今仔日	〃	긴5아1띧1	今天	〃	today		lexical	U+4ECA_U+4ED4_U+65E5_00
今夜	〃	긴5야5	〃	〃	night		lexical	U+4ECA_U+591C_00
見	见	길	〃	见	see		lexical	U+898B_00
見面	见面	길2삔5	〃	见面	see; face; surface		lexical	U+898B_U+9762_00
鹼粽	碱粽	길5장	〃	碱粽	alkaline rice dumpling		lexical	U+9E7C_U+7CBD_00
金	〃	김1	〃	〃	gold		lexical	U+91D1_00
妗	〃	김5	舅母	〃	aunt		lexical	U+5997_00
金金	〃	김5김1	睜大眼睛	睁大眼睛	wide-eyed; with eyes wide open		lexical	U+91D1_U+91D1_00
金門	金门	김5믕4	〃	金门	Kinmen (Quemoy)		lexical	U+91D1_U+9580_00
今生	〃	김5솅1	〃	〃	this life		lexical	U+4ECA_U+751F_00
今生今世	〃	김5솅5김5세	〃	〃	this whole life		lexical	U+4ECA_U+751F_U+4ECA_U+4E16_00
樂	乐	깍1	〃	乐	music		lexical	U+6A02_00
眼	〃	깐2	〃	〃	eye		lexical	U+773C_00
眼神	〃	깐1신4	〃	〃	look in one's eyes		lexical	U+773C_U+795E_00
眼前	〃	깐1졩4	〃	〃	before one's eyes; in front		lexical	U+773C_U+524D_00
夯枷	〃	꺄게4	戴枷	〃	carry; lift; cangue; shackle		lexical	U+592F_U+67B7_00
攑	〃	꺟1	舉; 拿	举; 拿	lift; grab		lexical	U+6511_00
攑頭	攑头	꺟ᄐᅷ4	抬頭	抬头	lift up one’s head		lexical	U+6511_U+982D_00
五	〃	꺼5	〃	〃	five		lexical	U+4E94_00
五點半	五点半	꺼댬1봘	〃	五点半	five thirty		lexical	U+4E94_U+9EDE_U+534A_00
五百	〃	꺼밯	〃	〃	five hundred		lexical	U+4E94_U+767E_00
五十	〃	꺼잡1	〃	〃	fifty		lexical	U+4E94_U+5341_00
慐	𰑟	껑5	呆; 迷糊	〃	foolish; stunned		lexical	U+6150_00
慐囝	𰑟囝	껑걀2	傻孩子	〃	child		lexical	U+6150_U+56DD_00
慐慐	𰑟𰑟	껑껑5	迷糊	〃	foolish; dazed		lexical	U+6150_U+6150_00
慐人	𰑟人	껑랑4	傻子	〃	foolish person		lexical	U+6150_U+4EBA_00
慐神	𰑟神	껑신4	恍惚; 發呆	恍惚; 发呆	absent-minded; dazed		lexical	U+6150_U+795E_00
牙	〃	께4	〃	〃	tooth		lexical	U+7259_00
藝	艺	께5	〃	艺	art; skill		lexical	U+85DD_00
藝術	艺术	께숟1	〃	艺术	arts		lexical	U+85DD_U+8853_00
獄城	狱城	꼑샬4			prison; hell; city; wall		lexical	U+7344_U+57CE_00
諺	谚	꼔5	〃	谚	proverb		lexical	U+8AFA_00
諺文	谚文	꼔뿐4	〃	谚文	hangul		lexical	U+8AFA_U+6587_00
癮頭	瘾头	꼔2ᄐᅷ4	傻子	〃	silly head; fool		lexical	U+766E_U+982D_00
孽鏡台	孽镜台	꼗걀2대4	〃	孽镜台	evil; sin; mirror; platform; Taiwan		lexical	U+5B7D_U+93E1_U+53F0_00
孽緣	孽缘	꼗옌4	〃	孽缘	evil; sin; fate; connection		lexical	U+5B7D_U+7DE3_00
凝心	〃	꼥심1	情緒壓抑	情绪压抑	emotionally suppressed		lexical	U+51DD_U+5FC3_00
鵝	鹅	꼬4	〃	鹅	goose		lexical	U+9D5D_00
鵝肉	鹅肉	꼬빻	〃	鹅肉	goose (meat)		lexical	U+9D5D_U+8089_00
外	〃	꽈5	〃	〃	outside		lexical	U+5916_00
外面	〃	꽈삔5	〃	〃	outside		lexical	U+5916_U+9762_00
外口	〃	꽈ᄏᅷ2	外面	〃	outside; exterior		lexical	U+5916_U+53E3_00
願	愿	꽌5	〃	愿	wish; willing		lexical	U+9858_00
原來	原来	꽌래4	〃	原来	actually		lexical	U+539F_U+4F86_00
原諒	原谅	꽌령5	〃	原谅	forgive		lexical	U+539F_U+8AD2_00
願望	愿望	꽌빵5	〃	愿望	wish; desire		lexical	U+9858_U+671B_00
月台	〃	꽏대4	〃	〃	train platform		lexical	U+6708_U+53F0_00
月老	〃	꽏로2	〃	〃	matchmaker		lexical	U+6708_U+8001_00
語	语	꾸2	〃	语	language		lexical	U+8A9E_00
牛	〃	꾸4	〃	〃	cattle; cow		lexical	U+725B_00
語言	语言	꾸1꼔4	〃	语言	language		lexical	U+8A9E_U+8A00_00
牛奶	〃	꾸니1	〃	〃	cow milk		lexical	U+725B_U+5976_00
牛丼	〃	꾸덤4	〃	〃	gyudon		lexical	U+725B_U+4E3C_00
牛奶	〃	꾸롕1	〃	〃	cow milk		lexical	U+725B_U+5976_01
牛肉	〃	꾸빻	〃	〃	beef		lexical	U+725B_U+8089_00
牛車水	牛车水	꾸챠5쥐2	〃	牛车水	Chinatown, Singapore		lexical	U+725B_U+8ECA_U+6C34_00
銀	银	꾼4	〃	银	silver; money		lexical	U+9280_00
月	〃	뀋1	〃	〃	moon; month		lexical	U+6708_00
月娘	〃	뀋뉴4	月亮	〃	moon		lexical	U+6708_U+5A18_00
月餅	月饼	뀋뱔2	〃	月饼	mooncake		lexical	U+6708_U+9905_00
月圓	月圆	뀋일4	〃	月圆	full moon		lexical	U+6708_U+5713_00
銀	银	끤4	〃	银	silver; money		lexical	U+9280_01
疑	〃	끼4	〃	〃	doubt; suspect		lexical	U+7591_00
義	义	끼5	〃	义	meaning; righteousness		lexical	U+7FA9_00
宜蘭	宜兰	끼란4	〃	宜兰	Yilan		lexical	U+5B9C_U+862D_00
議論	议论	끼룬5	〃	议论	discuss; opinion; theory		lexical	U+8B70_U+8AD6_00
義順	义顺	끼순5	〃	义顺	Yishun		lexical	U+7FA9_U+9806_00
哪	〃	나2	〃	〃	how; how could; why would		lexical	U+54EA_00
逽	〃	나2	像; 如同; 一邊	像; 如同; 一边	as; like; as if; while		lexical	U+903D_00
若	〃	나5	〃	〃	if; supposing that		lexical	U+82E5_00
哪裡	哪里	나1리2	〃	哪里	where		lexical	U+54EA_U+88E1_00
南無	南无	나머4	〃	南无	namo; homage to		lexical	U+5357_U+7121_00
嚨喉	咙喉	나ᄋᅷ4	喉嚨	喉咙	throat		lexical	U+56A8_U+5589_00
若準	若准	나준2	如果; 假如	〃	if; suppose		lexical	U+82E5_U+6E96_00
奈	〃	내5	〃	〃	how; endure		lexical	U+5948_00
荔鏡記	荔镜记	내곙2기	〃	荔镜记	record; remember		lexical	U+8354_U+93E1_U+8A18_00
奈何	〃	내호4	〃	〃	what to do; how		lexical	U+5948_U+4F55_00
娘	〃	냐4	〃	〃	mother; woman		lexical	U+5A18_00
貓	猫	ᄂᆤ1	〃	猫	cat		lexical	U+8C93_00
鳥鼠	鸟鼠	ᄂᆤ1츼2	老鼠	〃	rat; mouse		lexical	U+9CE5_U+9F20_00
爛	烂	놔5	〃	烂	rotten; overcooked		lexical	U+721B_00
娘	〃	뉴4	〃	〃	mother; woman		lexical	U+5A18_01
讓	让	뉴5	〃	让	let; allow; yield		lexical	U+8B93_00
娘娘	〃	뉴뉴4	〃	〃	goddess; empress		lexical	U+5A18_U+5A18_00
軟	软	능2	〃	软	soft		lexical	U+8EDF_00
兩	两	능5	〃	两	two; both		lexical	U+5169_00
卵	〃	능5	〃	〃	egg		lexical	U+5375_00
兩角	两角	능각			two; both		lexical	U+5169_U+89D2_00
兩個月	两个月	능고2뀋1	〃	两个月	two months		lexical	U+5169_U+500B_U+6708_00
卵仁	〃	능띤4	蛋黃	蛋黄	egg		lexical	U+5375_U+4EC1_00
兩日	两日	능띧1	〃	两日	two days		lexical	U+5169_U+65E5_00
兩人	两人	능랑4	〃	两人	two people		lexical	U+5169_U+4EBA_00
兩百箍	两百箍	능밯1커1	兩百元	两百元	two hundred dollars		lexical	U+5169_U+767E_U+7B8D_00
兩萬箍	两万箍	능빤커1	兩萬元	两万元	twenty thousand dollars		lexical	U+5169_U+842C_U+7B8D_00
兩个	两个	능에4	兩個	两个	two; two items		lexical	U+5169_U+4E2A_00
軟䭕	软䭕	능1쟐2	軟	软	soft		lexical	U+8EDF_U+4B55_00
兩千箍	两千箍	능촁5커1	兩千元	两千元	two thousand dollars		lexical	U+5169_U+5343_U+7B8D_00
奶	〃	니1	〃	〃	milk; breast		lexical	U+5976_00
拈	〃	니1	〃	〃	pick up with fingers		lexical	U+62C8_00
年	〃	니4	〃	〃	year		lexical	U+5E74_00
焦	〃	다1	〃	〃	burnt; scorched		lexical	U+7126_00
焦컥ˆ컥	〃	다5컥1컥	焦黑	〃	burnt; scorched		lexical	U+7126_U+CEE5_U+CEE5_00
逐	〃	닥1	〃	〃	chase; each		lexical	U+9010_00
逐工	〃	닥강1	每天	〃	work		lexical	U+9010_U+5DE5_00
逐家	〃	닥게1	大家	〃	everyone		lexical	U+9010_U+5BB6_00
觸纏	触缠	닥1딜4	難纏; 糾纏	难缠; 纠缠	difficult to deal with; troublesome; pester		lexical	U+89F8_U+7E8F_00
逐日	〃	닥띧1	每天	〃	every day		lexical	U+9010_U+65E5_00
觸舌	触舌	닥1짛1	咂舌	〃	click the tongue (in admiration)		lexical	U+89F8_U+820C_00
等	〃	단2	〃	〃	wait; class; rank		lexical	U+7B49_00
擲	掷	단	〃	掷	throw		lexical	U+64F2_00
陳	陈	단4	〃	陈	Chen; display; old		lexical	U+9673_00
但	〃	단5	〃	〃	but; only		lexical	U+4F46_00
但願	但愿	단꽌5	〃	但愿	hope; if only		lexical	U+4F46_U+9858_00
等待	〃	단1태5	〃	〃	wait		lexical	U+7B49_U+5F85_00
達	达	닫1	〃	达	reach; achieve		lexical	U+9054_00
擔	担	달1	〃	担	carry		lexical	U+64D4_00
打	〃	달2	〃	〃	hit; strike		lexical	U+6253_00
膽	胆	달2	〃	胆	gallbladder; courage		lexical	U+81BD_00
打扮	〃	달1반5	〃	〃	hit; strike; dress up; disguise		lexical	U+6253_U+626E_00
今仔	〃	달5아2	剛剛	刚刚	just; just now		lexical	U+4ECA_U+4ED4_00
澹	〃	담4	濕; 潮濕	湿; 潮湿	wet; damp		lexical	U+6FB9_00
談	谈	담4	〃	谈	talk; discuss		lexical	U+8AC7_00
淡	〃	담5	〃	〃	light; bland; weak		lexical	U+6DE1_00
澹糊糊	〃	담거거4	濕黏	湿黏	mushy; sticky		lexical	U+6FB9_U+7CCA_U+7CCA_00
耽誤	耽误	담5꺼5	〃	耽误	delay; indulge; mistake		lexical	U+803D_U+8AA4_00
淡水	〃	담쥐2	〃	〃	Tamsui		lexical	U+6DE1_U+6C34_00
淡水河	〃	담쥐1호4	〃	〃	Tamsui River		lexical	U+6DE1_U+6C34_U+6CB3_00
膽寒	胆寒	담1한4	〃	胆寒	fearful; chilled with fear		lexical	U+81BD_U+5BD2_00
冬	〃	당1	〃	〃	winter		lexical	U+51AC_00
東	东	당1	〃	东	east		lexical	U+6771_00
當	当	당1	〃	当	when; be; serve as		lexical	U+7576_00
凍	冻	당	〃	冻	freeze; cold		lexical	U+51CD_00
當	当	당	〃	当	when; be; serve as		lexical	U+7576_01
動	动	당5	〃	动	move; action		lexical	U+52D5_00
重	〃	당5	〃	〃	heavy; again		lexical	U+91CD_00
東京	东京	당5걀1	〃	东京	Tokyo		lexical	U+6771_U+4EAC_00
東南	东南	당5람4	〃	东南	southeast		lexical	U+6771_U+5357_00
東南西北	东南西北	당5람새5박	〃	东南西北	all directions		lexical	U+6771_U+5357_U+897F_U+5317_00
東南亞	东南亚	당5람아1	〃	东南亚	Southeast Asia		lexical	U+6771_U+5357_U+4E9E_00
東寧	东宁	당5롕4	〃	东宁	east		lexical	U+6771_U+5BE7_00
東寧音	东宁音	당5롕임1	〃	东宁音	Tangliengim		lexical	U+6771_U+5BE7_U+97F3_00
東西南北	东西南北	당5새5람박	〃	东西南北	all directions (lit. east-west-south-north)		lexical	U+6771_U+897F_U+5357_U+5317_00
當時	当时	당5시4	〃	当时	that time		lexical	U+7576_U+6642_00
東亞	东亚	당5아1	〃	东亚	East Asia		lexical	U+6771_U+4E9E_00
同學	同学	당옿1	〃	同学	learn; study		lexical	U+540C_U+5B78_00
同安	〃	당왈1	〃	〃	Tong-an		lexical	U+540C_U+5B89_00
同齊	同齐	당죄4	一起	〃	together; neat		lexical	U+540C_U+9F4A_00
踏	〃	닿1	〃	〃	step on; tread		lexical	U+8E0F_00
答應	答应	닿1옝	〃	答应	answer; should; respond		lexical	U+7B54_U+61C9_00
兜	〃	ᄃᅷ1	〃	〃	pocket; around		lexical	U+515C_00
鬥	斗	ᄃᅷ	〃	斗	join; put together		lexical	U+9B25_00
投	〃	ᄃᅷ4	〃	〃	throw; invest		lexical	U+6295_00
豆	〃	ᄃᅷ5	〃	〃	bean		lexical	U+8C46_00
到底	〃	ᄃᅷ2되2	〃	〃	in the end; after all		lexical	U+5230_U+5E95_00
鬥陣	斗阵	ᄃᅷ2딘5	一起	〃	together; accompany		lexical	U+9B25_U+9663_00
豆粽	〃	ᄃᅷ장	〃	〃	bean rice dumpling		lexical	U+8C46_U+7CBD_00
豆腐	〃	ᄃᅷ후5	〃	〃	tofu		lexical	U+8C46_U+8150_00
豆花	〃	ᄃᅷ훼1	〃	〃	tofu pudding		lexical	U+8C46_U+82B1_00
豆花水	〃	ᄃᅷ훼5쥐2	豆漿	豆浆	soybean drink		lexical	U+8C46_U+82B1_U+6C34_00
沓沓仔	〃	ᄃᅷᇂᄃᅷᇂ아2	慢慢地	〃	slowly		lexical	U+6C93_U+6C93_U+4ED4_00
呆	〃	대1	〃	〃	dull; foolish		lexical	U+5446_00
代	〃	대	〃	〃	generation; replace		lexical	U+4EE3_00
帶	带	대	〃	带	bring; belt		lexical	U+5E36_00
台中	〃	대뎡1	〃	〃	Taichung		lexical	U+53F0_U+4E2D_00
大人	〃	대띤4	〃	〃	adult		lexical	U+5927_U+4EBA_00
台南	〃	대람4	〃	〃	Tainan		lexical	U+53F0_U+5357_00
台北	〃	대박	〃	〃	Taipei		lexical	U+53F0_U+5317_00
台北車站	台北车站	대박1챠5잠5	〃	台北车站	Taipei Main Station		lexical	U+53F0_U+5317_U+8ECA_U+7AD9_00
台北車頭	台北车头	대박1챠5ᄐᅷ4	臺北車站	台北车站	Taipei station		lexical	U+53F0_U+5317_U+8ECA_U+982D_00
台北市	〃	대박1치5	〃	〃	Taipei City		lexical	U+53F0_U+5317_U+5E02_00
台北市政府	〃	대박1치졩2후2	〃	〃	Taipei City Government		lexical	U+53F0_U+5317_U+5E02_U+653F_U+5E9C_00
代表	〃	대ᄇᆤ2	〃	〃	generation; replace; surface; express		lexical	U+4EE3_U+8868_00
台灣	台湾	대완4	〃	台湾	Taiwan		lexical	U+53F0_U+7063_00
台灣人	台湾人	대완랑4	〃	台湾人	Taiwanese person		lexical	U+53F0_U+7063_U+4EBA_00
台灣話	台湾话	대완웨5	〃	台湾话	Taiwanese language		lexical	U+53F0_U+7063_U+8A71_00
代誌	代志	대지	事情	〃	matter; affair		lexical	U+4EE3_U+8A8C_00
大鐵圍山	大铁围山	대팋1위솰1	〃	大铁围山	big; great; mountain		lexical	U+5927_U+9435_U+570D_U+5C71_00
鼎	〃	댤2	〃	〃	pot; cauldron		lexical	U+9F0E_00
定	〃	댤5	〃	〃	fixed; certain; decide		lexical	U+5B9A_00
定定	〃	댤댤5	常常	〃	often; regularly		lexical	U+5B9A_U+5B9A_00
定著	定着	댤둏1	一定	〃	definitely; fixed		lexical	U+5B9A_U+8457_00
點	点	댬2	〃	点	point; dot; a little		lexical	U+9EDE_00
踮	〃	댬	踮腳; 停留	踮脚; 停留	stand on tiptoe; stay		lexical	U+8E2E_00
店	〃	댬5	〃	〃	coffee shop		lexical	U+5E97_00
恬	〃	댬5	〃	〃	quiet; calm		lexical	U+606C_00
恬恬	〃	댬댬5	靜靜地	静静地	quietly; silently		lexical	U+606C_U+606C_00
點點滴滴	点点滴滴	댬1댬1딯1딯	〃	点点滴滴	bit by bit; every little detail		lexical	U+9EDE_U+9EDE_U+6EF4_U+6EF4_00
點鐘	点钟	댬1졩1	〃	点钟	o clock		lexical	U+9EDE_U+9418_00
恬靜	恬静	댬졩5	〃	恬静	quiet; calm; still		lexical	U+606C_U+975C_00
條	条	ᄃᆤ4	〃	条	strip; classifier for long things		lexical	U+689D_00
牢	〃	ᄃᆤ4	〃	〃	firm; prison		lexical	U+7262_00
條件	条件	ᄃᆤ걀5	〃	条件	strip		lexical	U+689D_U+4EF6_00
牢牢	〃	ᄃᆤᄃᆤ4	〃	〃	firmly; tightly		lexical	U+7262_U+7262_00
朝鮮	朝鲜	ᄃᆤ셴2	〃	朝鲜	Korea; Joseon; North Korea		lexical	U+671D_U+9BAE_00
都	〃	더1	〃	〃	all; city		lexical	U+90FD_00
賭	赌	더2	〃	赌	gamble		lexical	U+8CED_00
都	〃	더5	〃	〃	all; city		lexical	U+90FD_01
度過	度过	더궤	〃	度过	pass; exceed		lexical	U+5EA6_U+904E_00
都市	〃	더치5	〃	〃	city; urban area		lexical	U+90FD_U+5E02_00
賭氣	赌气	더1키	〃	赌气	act out of anger; spite		lexical	U+8CED_U+6C23_00
毒	〃	덕1	〃	〃	poison		lexical	U+6BD2_00
獨夜	独夜	덕야5	〃	独夜	lonely night		lexical	U+7368_U+591C_00
毒液	〃	덕옉1	〃	〃	poison; liquid		lexical	U+6BD2_U+6DB2_00
丼	〃	덤4	〃	〃	donburi		lexical	U+4E3C_00
東	东	덩1	〃	东	east		lexical	U+6771_01
當	当	덩1	〃	当	when; be; serve as		lexical	U+7576_02
棟	栋	덩	〃	栋	ridgepole; building		lexical	U+68DF_00
當	当	덩	〃	当	when; be; serve as		lexical	U+7576_03
擋恬	挡恬	덩2댬5	停下	〃	stop; come to a halt		lexical	U+64CB_U+606C_00
當然	当然	덩5뗸4	〃	当然	of course; naturally		lexical	U+7576_U+7136_00
當選	当选	덩2솬2	〃	当选	be elected		lexical	U+7576_U+9078_00
當時	当时	덩5시4	〃	当时	when; should; time		lexical	U+7576_U+6642_01
黨員	党员	덩1완4	〃	党员	party member		lexical	U+9EE8_U+54E1_00
當做	当做	덩5죄	〃	当做	take it as; pretend it as		lexical	U+7576_U+505A_00
當初	当初	덩5처1	〃	当初	at first; originally		lexical	U+7576_U+521D_00
當開	当开	덩5캐1	正在開花	正在开花	be in bloom		lexical	U+7576_U+958B_00
東方	东方	덩5헝1	〃	东方	east		lexical	U+6771_U+65B9_00
短	〃	데2	〃	〃	short		lexical	U+77ED_00
茶	〃	데4	〃	〃	tea		lexical	U+8336_00
地	〃	데5	〃	〃	earth; place; ground		lexical	U+5730_00
第	〃	데5	〃	〃	ordinal prefix		lexical	U+7B2C_00
地獄	地狱	데꼑1	〃	地狱	earth; place		lexical	U+5730_U+7344_00
短短	〃	데1데2	〃	〃	short; briefly		lexical	U+77ED_U+77ED_00
第二	〃	데띠5	〃	〃	second		lexical	U+7B2C_U+4E8C_00
第三	〃	데살1	〃	〃	third		lexical	U+7B2C_U+4E09_00
第一	〃	데읻	〃	〃	first		lexical	U+7B2C_U+4E00_00
第一等	〃	데읻1뎽2	〃	〃	first-class		lexical	U+7B2C_U+4E00_U+7B49_00
第一名	〃	데읻1먀4	〃	〃	first place		lexical	U+7B2C_U+4E00_U+540D_00
底褲	底裤	데1커	〃	底裤	underwear		lexical	U+5E95_U+8932_00
地下	〃	데하5	〃	〃	underground; on the ground		lexical	U+5730_U+4E0B_00
長泰	长泰	뎔톼	〃	长泰	Changtai		lexical	U+9577_U+6CF0_00
中	〃	뎡1	〃	〃	middle; in; among		lexical	U+4E2D_00
中國	中国	뎡5걱	〃	中国	China		lexical	U+4E2D_U+570B_00
中國人	中国人	뎡5걱1랑4	〃	中国人	Chinese person		lexical	U+4E2D_U+570B_U+4EBA_00
中晝	中昼	뎡5ᄃᅷ	中午	〃	middle; in		lexical	U+4E2D_U+665D_00
中山	〃	뎡5산1	〃	〃	Zhongshan; Sun Yat-sen		lexical	U+4E2D_U+5C71_00
重新	〃	뎡신1	〃	〃	again; anew		lexical	U+91CD_U+65B0_00
重要	〃	뎡ᄋᆤ	〃	〃	important		lexical	U+91CD_U+8981_00
中學	中学	뎡5옿1	〃	中学	secondary school; middle school		lexical	U+4E2D_U+5B78_00
中央	〃	뎡5응1	〃	〃	middle; in		lexical	U+4E2D_U+592E_00
中秋	〃	뎡5츄1	〃	〃	Mid-Autumn		lexical	U+4E2D_U+79CB_00
中秋節	中秋节	뎡5츄5졛	〃	中秋节	Mid-Autumn Festival		lexical	U+4E2D_U+79CB_U+7BC0_00
中華	中华	뎡5화4	〃	中华	Chinese; China		lexical	U+4E2D_U+83EF_00
得	〃	뎩	〃	〃	obtain; can		lexical	U+5F97_00
德	〃	뎩	〃	〃	virtue		lexical	U+5FB7_00
德國	德国	뎩1걱	〃	德国	Germany		lexical	U+5FB7_U+570B_00
田	〃	뎬4	〃	〃	field		lexical	U+7530_00
電	电	뎬5	〃	电	electricity		lexical	U+96FB_00
電腦	电脑	뎬ᄂᅷ2	〃	电脑	computer		lexical	U+96FB_U+8166_00
電台	电台	뎬대4	〃	电台	radio station		lexical	U+96FB_U+53F0_00
電動	电动	뎬덩5	〃	电动	electricity		lexical	U+96FB_U+52D5_00
電視	电视	뎬시5	〃	电视	television		lexical	U+96FB_U+8996_00
電視機	电视机	뎬시기1	〃	电视机	television set		lexical	U+96FB_U+8996_U+6A5F_00
電影	电影	뎬얄2	〃	电影	movie; film		lexical	U+96FB_U+5F71_00
電話	电话	뎬웨5	〃	电话	telephone		lexical	U+96FB_U+8A71_00
電風	电风	뎬헝1	電風扇	电风扇	electric fan		lexical	U+96FB_U+98A8_00
電火	电火	뎬훼2	電燈	电灯	electric light		lexical	U+96FB_U+706B_00
燈	灯	뎽1	〃	灯	lamp; light		lexical	U+71C8_00
等	〃	뎽2	〃	〃	wait; class; rank		lexical	U+7B49_01
頂	顶	뎽2	〃	顶	top		lexical	U+9802_00
定	〃	뎽5	〃	〃	fixed; certain; decide		lexical	U+5B9A_01
頂懸	顶悬	뎽1괠4	高	〃	very high; up high		lexical	U+9802_U+61F8_00
燈光	灯光	뎽5긍1	〃	灯光	lamplight; lighting		lexical	U+71C8_U+5149_00
頂禮拜	顶礼拜	뎽1레1배	上星期	〃	last week		lexical	U+9802_U+79AE_U+62DC_00
頂世	顶世	뎽1시	上一代	〃	top; world; generation		lexical	U+9802_U+4E16_00
頂世人	顶世人	뎽1시2랑4	上一代	〃	previous generation		lexical	U+9802_U+4E16_U+4EBA_00
燈下	灯下	뎽5에5	〃	灯下	under the lamp		lexical	U+71C8_U+4E0B_00
頂真	顶真	뎽1진1	認真	认真	serious; earnest		lexical	U+9802_U+771F_00
燈火	灯火	뎽5훼2	〃	灯火	lights		lexical	U+71C8_U+706B_00
刀	〃	도1	〃	〃	knife		lexical	U+5200_00
多	〃	도1	〃	〃	many; much		lexical	U+591A_00
底	〃	도2	哪裡; 哪個	哪里; 哪个	where; which		lexical	U+5E95_01
倒	〃	도	〃	〃	fall; reverse		lexical	U+5012_00
道	〃	도5	〃	〃	road; way		lexical	U+9053_00
道德	〃	도뎩	〃	〃	moral		lexical	U+9053_U+5FB7_00
倒轉	倒转	도2등2	〃	倒转	turn back; reverse		lexical	U+5012_U+8F49_00
底落	〃	도1롷1	哪裡	哪里	where		lexical	U+5E95_U+843D_00
道理	〃	도리2	〃	〃	reason; principle		lexical	U+9053_U+7406_00
多謝	多谢	도5샤5	〃	多谢	thanks; thank you		lexical	U+591A_U+8B1D_00
底位	〃	도1위5	哪裡	哪里	where		lexical	U+5E95_U+4F4D_00
多情	〃	도5졩4	〃	〃	sentimental; affectionate		lexical	U+591A_U+60C5_00
倒手	〃	도2츄2	左手	〃	left hand		lexical	U+5012_U+624B_00
桌	〃	돟	〃	〃	table; desk		lexical	U+684C_00
蹛	〃	돠	住; 居住	〃	stay; live at		lexical	U+8E5B_00
大	〃	돠5	〃	〃	big; large		lexical	U+5927_00
大街小巷	〃	돠괴5쇼1항5	〃	〃	big; great; street; small		lexical	U+5927_U+8857_U+5C0F_U+5DF7_00
大條	大条	돠ᄃᆤ4	嚴重	严重	big; out of hand		lexical	U+5927_U+689D_00
大大	〃	돠돠5	〃	〃	big; great		lexical	U+5927_U+5927_00
大堆	〃	돠뒤1	一大堆	〃	big; great		lexical	U+5927_U+5806_00
大人	〃	돠랑4	〃	〃	adult		lexical	U+5927_U+4EBA_01
大巴窯	大巴窑	돠바5요4	〃	大巴窑	Toa Payoh		lexical	U+5927_U+5DF4_U+7AAF_00
大聲	大声	돠샬1	〃	大声	loud		lexical	U+5927_U+8072_00
大細聲	大细声	돠쇠2샬1	音量	〃	loud and soft; volume		lexical	U+5927_U+7D30_U+8072_00
大學	大学	돠옿1	〃	大学	university		lexical	U+5927_U+5B78_00
大欉	〃	돠장4	大株	〃	big; great		lexical	U+5927_U+6B09_00
大厝	〃	돠추	大房子	〃	big; great; house		lexical	U+5927_U+539D_00
大腿	〃	돠튀2	〃	〃	big; great		lexical	U+5927_U+817F_00
大漢	大汉	돠한	長大; 大個子	长大; 大个子	big; great		lexical	U+5927_U+6F22_00
大海	〃	돠해2	〃	〃	wide sea		lexical	U+5927_U+6D77_00
大雨	〃	돠허5	〃	〃	big; great; rain		lexical	U+5927_U+96E8_00
傳說	传说	돤솯	〃	传说	legend; folklore		lexical	U+50B3_U+8AAA_00
單	单	돨1	〃	单	single; alone		lexical	U+55AE_00
彈	弹	돨4	〃	弹	to play (instrument)		lexical	U+5F48_00
段	〃	돨5	〃	〃	section; paragraph		lexical	U+6BB5_00
彈琴	弹琴	돨킴4	〃	弹琴	play; spring; string instrument		lexical	U+5F48_U+7434_00
底	〃	되2	哪裡; 哪個	哪里; 哪个	where; which		lexical	U+5E95_00
題	题	되4	〃	题	topic; question		lexical	U+984C_00
地	〃	되5	〃	〃	earth; place; ground		lexical	U+5730_01
潮汕話	潮汕话	됴솰2웨5	〃	潮汕话	Chaoshan language		lexical	U+6F6E_U+6C55_U+8A71_00
潮州	〃	됴쥬1	〃	〃	Teochew; Chaozhou		lexical	U+6F6E_U+5DDE_00
潮州話	潮州话	됴쥬5웨5	〃	潮州话	Teochew language		lexical	U+6F6E_U+5DDE_U+8A71_00
著	着	둏1	〃	〃	hit; correct; wear		lexical	U+8457_00
著痧	着痧	둏솨1	中暑	〃	get heatstroke		lexical	U+8457_U+75E7_00
拄	〃	두2	剛好; 支撐	刚好; 支撑	just; prop up		lexical	U+62C4_00
櫥	橱	두4	〃	橱	cabinet		lexical	U+6AE5_00
綴	缀	뒈	跟隨; 連接	跟随; 连接	follow; attach		lexical	U+7DB4_00
綴人走	缀人走	뒈2랑ᄌᅷ2	跟人走	〃	follow someone away		lexical	U+7DB4_U+4EBA_U+8D70_00
追	〃	뒤1	〃	〃	chase; pursue		lexical	U+8FFD_00
對	对	뒤	〃	对	correct; toward; pair		lexical	U+5C0D_00
墜落	坠落	뒤롷1	〃	坠落	fall; drop		lexical	U+589C_U+843D_00
對面	对面	뒤2삔5	〃	对面	opposite side		lexical	U+5C0D_U+9762_00
稻草	〃	듀ᄎᅷ2	〃	〃	straw		lexical	U+7A3B_U+8349_00
稻草人	〃	듀ᄎᅷ1랑4	〃	〃	scarecrow		lexical	U+7A3B_U+8349_U+4EBA_00
張	张	듈1	〃	张	open; surname		lexical	U+5F35_00
長泰	长泰	듈톼	〃	长泰	Changtai		lexical	U+9577_U+6CF0_01
當	当	등1	〃	当	when; be; serve as		lexical	U+7576_04
轉	转	등2	〃	转	turn; transfer; return		lexical	U+8F49_00
當	当	등	〃	当	when; be; serve as		lexical	U+7576_05
唐	〃	등4	〃	〃	Tang; Chinese		lexical	U+5510_00
堂	〃	등4	〃	〃	hall		lexical	U+5802_00
長	长	등4	〃	长	long; grow		lexical	U+9577_00
唐人	〃	등랑4	〃	〃	Chinese person		lexical	U+5510_U+4EBA_00
唐人話	唐人话	등랑웨5	漢語	汉语	Chinese speech		lexical	U+5510_U+4EBA_U+8A71_00
轉’래	转’래	등2’래	回來	回来	turn; transfer; return		lexical	U+8F49_U+2019_U+B798_00
轉踅	转踅	등1셓1	轉身	转身	turn around		lexical	U+8F49_U+8E05_00
唐山	〃	등솰1	〃	〃	China		lexical	U+5510_U+5C71_00
轉厝	转厝	등1추	回家	〃	go home; return home		lexical	U+8F49_U+539D_00
當開	当开	등5캐1	正在開花	正在开花	be in bloom		lexical	U+7576_U+958B_01
轉’킈	转’킈	등2’킈	回去	〃	turn; transfer; return		lexical	U+8F49_U+2019_U+D088_00
短	〃	ᄃힻ2	〃	〃	short		lexical	U+77ED_01
短短	〃	ᄃힻ1ᄃힻ2	〃	〃	short; briefly		lexical	U+77ED_U+77ED_01
豬	猪	듸1	〃	猪	pig		lexical	U+8C6C_00
豬肉	猪肉	듸5빻	〃	猪肉	pork		lexical	U+8C6C_U+8089_00
豬跤	猪跤	듸5카1	豬腳	猪脚	pig		lexical	U+8C6C_U+8DE4_00
鋤頭	锄头	듸ᄐᅷ4	〃	锄头	hoe		lexical	U+92E4_U+982D_00
弟	〃	디5	〃	〃	younger brother		lexical	U+5F1F_00
底人	〃	디랑4	誰	谁	who		lexical	U+5E95_U+4EBA_00
底時	底时	디시4	什麼時候	什么时候	when		lexical	U+5E95_U+6642_00
振動	振动	딘1당5	〃	振动	shake; revive; move; action		lexical	U+632F_U+52D5_00
得	〃	딛1	〃	〃	obtain; can		lexical	U+5F97_01
直	〃	딛1	〃	〃	straight		lexical	U+76F4_00
甜	〃	딜1	〃	〃	sweet		lexical	U+751C_00
甜粿	〃	딜5궤2	〃	〃	sweet rice cake		lexical	U+751C_U+7CBF_00
甜蜜	〃	딜5삗1	〃	〃	sweet		lexical	U+751C_U+871C_00
滴	〃	딯	〃	〃	drop; drip		lexical	U+6EF4_00
滴滴	〃	딯1딯	〃	〃	drops; drip by drip		lexical	U+6EF4_U+6EF4_00
然	〃	뗸4	〃	〃	so; thus		lexical	U+7136_00
然後	然后	뗸ᄋᅷ5	〃	然后	then; afterwards		lexical	U+7136_U+5F8C_00
熱戀	热恋	뗻롼4	〃	热恋	hot		lexical	U+71B1_U+6200_00
熱情	热情	뗻졩4	〃	热情	passion; enthusiasm		lexical	U+71B1_U+60C5_00
熱	热	뙇1	〃	热	hot		lexical	U+71B1_00
愈	〃	뚜2	〃	〃	more; recover		lexical	U+6108_00
如	〃	뚜4	〃	〃	as; like		lexical	U+5982_00
如今	〃	뚜김1	〃	〃	now; nowadays		lexical	U+5982_U+4ECA_00
如此	〃	뚜추2	〃	〃	like this; thus		lexical	U+5982_U+6B64_00
如何	〃	뚜호4	〃	〃	how is it		lexical	U+5982_U+4F55_00
兒	儿	띠4	〃	儿	child; son		lexical	U+5152_00
而	〃	띠4	〃	〃	and; but		lexical	U+800C_00
二	〃	띠5	〃	〃	two		lexical	U+4E8C_00
字	〃	띠5	〃	〃	character; word		lexical	U+5B57_00
二十	〃	띠잡1	〃	〃	twenty		lexical	U+4E8C_U+5341_00
二十箍	〃	띠잡커1	二十元	〃	twenty dollars		lexical	U+4E8C_U+5341_U+7B8D_00
人間	人间	띤간1	〃	人间	human world		lexical	U+4EBA_U+9593_00
人格	〃	띤겧	〃	〃	person; people		lexical	U+4EBA_U+683C_00
人願	人愿	띤꽌5			person; people		lexical	U+4EBA_U+9858_00
認同	认同	띤덩4	〃	认同	recognize; admit; same; together		lexical	U+8A8D_U+540C_00
人民	〃	띤삔4	〃	〃	people		lexical	U+4EBA_U+6C11_00
人生	〃	띤솅1	〃	〃	life		lexical	U+4EBA_U+751F_00
人事	〃	띤수5	〃	〃	human affairs; personnel		lexical	U+4EBA_U+4E8B_00
人士	〃	띤수5	〃	〃	personage; people		lexical	U+4EBA_U+58EB_00
人參	人参	띤심1	〃	人参	ginseng		lexical	U+4EBA_U+53C3_00
人情	〃	띤졩4	〃	〃	human feeling; favor		lexical	U+4EBA_U+60C5_00
認真	认真	띤진1	〃	认真	true; really		lexical	U+8A8D_U+771F_00
日	〃	띧1	〃	〃	day; sun		lexical	U+65E5_00
日記	日记	띧기	〃	日记	diary		lexical	U+65E5_U+8A18_00
日日夜夜	〃	띧띧야야5	〃	〃	day and night		lexical	U+65E5_U+65E5_U+591C_U+591C_00
日本	〃	띧분2	〃	〃	Japan		lexical	U+65E5_U+672C_00
日本人	〃	띧분1랑4	〃	〃	Japanese person		lexical	U+65E5_U+672C_U+4EBA_00
日常	〃	띧셩4	〃	〃	day; sun; usual; constant		lexical	U+65E5_U+5E38_00
日’시	〃	띧1’시	白天	〃	day; sun		lexical	U+65E5_U+2019_U+C2DC_00
日子	〃	띧즤2	〃	〃	day; date		lexical	U+65E5_U+5B50_00
日頭	日头	띧ᄐᅷ4	〃	日头	sun		lexical	U+65E5_U+982D_00
忍耐	〃	띰1내5	〃	〃	endure		lexical	U+5FCD_U+8010_00
忍心	〃	띰1심1	〃	〃	hardhearted		lexical	U+5FCD_U+5FC3_00
入	〃	띱1	〃	〃	enter		lexical	U+5165_00
入兵	〃	띱볭1	入伍	〃	enlist; enter military service		lexical	U+5165_U+5175_00
入口	〃	띱ᄏᅷ2	〃	〃	entrance		lexical	U+5165_U+53E3_00
六	〃	락1	〃	〃	six		lexical	U+516D_00
六月	〃	락뀋1	〃	〃	June; sixth month		lexical	U+516D_U+6708_00
六百	〃	락밯	〃	〃	six hundred		lexical	U+516D_U+767E_00
六十	〃	락잡1	〃	〃	sixty		lexical	U+516D_U+5341_00
落漆	〃	락1찯	掉漆; 出糗	〃	paint peeling off; make a fool of oneself		lexical	U+843D_U+6F06_00
落花	〃	락1훼1	〃	〃	falling flowers		lexical	U+843D_U+82B1_00
難	难	란4	〃	难	difficult		lexical	U+96E3_00
難過	难过	란고	〃	难过	sad; difficult to bear		lexical	U+96E3_U+904E_00
難過	难过	란궤	〃	难过	sad; difficult to bear		lexical	U+96E3_U+904E_01
難忘	难忘	란뻥5	〃	难忘	difficult; disaster; forget		lexical	U+96E3_U+5FD8_00
難免	难免	란뼨2	〃	难免	unavoidable; inevitably		lexical	U+96E3_U+514D_00
南	〃	람4	〃	〃	south		lexical	U+5357_00
淋	〃	람4	〃	〃	drench; pour		lexical	U+6DCB_00
男	〃	람4	〃	〃	male; man		lexical	U+7537_00
男兒	男儿	람띠4	〃	男儿	man; son		lexical	U+7537_U+5152_00
男人	〃	람띤4	〃	〃	man; male		lexical	U+7537_U+4EBA_00
南安	〃	람왈1	〃	〃	Nan-an		lexical	U+5357_U+5B89_00
南洋	〃	람율4	〃	〃	Nanyang; Southeast Asia		lexical	U+5357_U+6D0B_00
男主角	〃	람주1각	〃	〃	male lead		lexical	U+7537_U+4E3B_U+89D2_00
人	〃	랑4	〃	〃	person; people		lexical	U+4EBA_00
聾	聋	랑4	〃	聋	deaf		lexical	U+807E_00
弄	〃	랑5	〃	〃	play with; make		lexical	U+5F04_00
人家	〃	랑게1	〃	〃	person; people; home; family		lexical	U+4EBA_U+5BB6_00
人客	〃	랑켛	客人	〃	guest; customer		lexical	U+4EBA_U+5BA2_00
漏	〃	ᄅᅷ	〃	〃	leak		lexical	U+6F0F_00
劉	刘	ᄅᅷ4	〃	刘	Liu; surname		lexical	U+5289_00
樓	楼	ᄅᅷ4	〃	楼	building; floor		lexical	U+6A13_00
流	〃	ᄅᅷ4	〃	〃	flow		lexical	U+6D41_00
留	〃	ᄅᅷ4	〃	〃	stay; keep		lexical	U+7559_00
老	〃	ᄅᅷ5	〃	〃	old		lexical	U+8001_00
老猴	〃	ᄅᅷᄀᅷ4	〃	〃	old monkey		lexical	U+8001_U+7334_00
樓頂	楼顶	ᄅᅷ뎽2	〃	楼顶	upstairs		lexical	U+6A13_U+9802_00
鬧熱	闹热	ᄅᅷ뗻1	熱鬧	热闹	hot		lexical	U+9B27_U+71B1_00
老爸	〃	ᄅᅷ베5	〃	〃	father; dad		lexical	U+8001_U+7238_00
老百姓	〃	ᄅᅷ벻1셀	〃	〃	common people		lexical	U+8001_U+767E_U+59D3_00
老母	〃	ᄅᅷ뿌2	〃	〃	mother		lexical	U+8001_U+6BCD_00
老師	老师	ᄅᅷ수1	〃	老师	old		lexical	U+8001_U+5E2B_00
老實	老实	ᄅᅷ싣1	〃	老实	honest		lexical	U+8001_U+5BE6_00
樓跤	楼跤	ᄅᅷ카1	樓下	楼下	downstairs		lexical	U+6A13_U+8DE4_00
老컥ˆ컥	〃	ᄅᅷ컥1컥	很老	〃	old		lexical	U+8001_U+CEE5_U+CEE5_00
漏氣	漏气	ᄅᅷ2퀴	丟臉	丢脸	lose face; be embarrassing		lexical	U+6F0F_U+6C23_00
落跑	〃	ᄅᅷ2ᄑᅷ4	〃	〃	run away		lexical	U+843D_U+8DD1_00
流血	〃	ᄅᅷ휗	〃	〃	flow		lexical	U+6D41_U+8840_00
來	来	래4	〃	来	come		lexical	U+4F86_00
內	内	래5	〃	内	inside		lexical	U+5167_00
來到	来到	래ᄀᅷ	〃	来到	come to; arrive		lexical	U+4F86_U+5230_00
內底	内底	래되2	裡面	里面	inside		lexical	U+5167_U+5E95_00
內面	内面	래삔5	裡面	里面	inside; face; surface		lexical	U+5167_U+9762_00
內衫	内衫	래살1	內衣	内衣	undershirt		lexical	U+5167_U+886B_00
來去	来去	래킈	去	〃	to go		lexical	U+4F86_U+53BB_00
黏	〃	럄4	〃	〃	sticky		lexical	U+9ECF_00
念	〃	럄5	〃	〃	read aloud; miss; think of		lexical	U+5FF5_00
念經	念经	럄곙1	〃	念经	chant scripture		lexical	U+5FF5_U+7D93_00
連鞭	连鞭	럄미1	馬上; 立即	马上; 立即	immediately; at once		lexical	U+9023_U+97AD_00
粒	〃	럅1	〃	〃	grain; particle		lexical	U+7C92_00
攝	摄	럅	〃	摄	take in; photograph		lexical	U+651D_00
掠	〃	럏1	〃	〃	catch; seize		lexical	U+63A0_00
了	〃	ᄅᆤ2	〃	〃	completed; finished		lexical	U+4E86_00
聊	〃	ᄅᆤ4	〃	〃	chat; rely on		lexical	U+804A_00
了解	〃	ᄅᆤ1개2	〃	〃	understand		lexical	U+4E86_U+89E3_00
了後	了后	ᄅᆤ1ᄋᅷ5	之後	之后	after; afterwards		lexical	U+4E86_U+5F8C_00
滷	卤	러2	〃	卤	brine; stew		lexical	U+6EF7_00
魯	鲁	러2	〃	鲁	rude; dull		lexical	U+9B6F_00
路	〃	러5	〃	〃	road; way		lexical	U+8DEF_00
露	〃	러5	〃	〃	dew; expose		lexical	U+9732_00
露螺	〃	러레4	勞力士	劳力士	Rolex (watch)		lexical	U+9732_U+87BA_00
努力	〃	러1롁1	〃	〃	work hard		lexical	U+52AA_U+529B_00
路邊	路边	러빌1	〃	路边	roadside		lexical	U+8DEF_U+908A_00
滷肉	卤肉	러1빻	〃	卤肉	meat		lexical	U+6EF7_U+8089_00
滷肉飯	卤肉饭	러1빻1븡5	〃	卤肉饭	braised pork rice		lexical	U+6EF7_U+8089_U+98EF_00
路上	〃	러셩5	〃	〃	on the road		lexical	U+8DEF_U+4E0A_00
路用	〃	러영5	用處	用处	useful		lexical	U+8DEF_U+7528_00
路用	〃	러옝5	用處	用处	useful		lexical	U+8DEF_U+7528_01
露水	〃	러쥐2	〃	〃	dew		lexical	U+9732_U+6C34_00
樂	乐	럭1	〃	乐	music		lexical	U+6A02_01
鹿港	〃	럭강2	〃	〃	Lukang		lexical	U+9E7F_U+6E2F_00
樂觀	乐观	럭관1	〃	乐观	optimistic		lexical	U+6A02_U+89C0_00
烙印	〃	럭인	〃	〃	brand; bake; mark; print		lexical	U+70D9_U+5370_00
落魄	〃	럭폑	〃	〃	down and out		lexical	U+843D_U+9B44_00
挵	〃	렁	撞; 敲	〃	hit; knock		lexical	U+6335_00
浪	〃	렁5	〃	〃	wave; wander		lexical	U+6D6A_00
郎君	〃	렁군1	〃	〃	lord; husband		lexical	U+90CE_U+541B_00
浪漫	〃	렁빤5	〃	〃	wave; wander		lexical	U+6D6A_U+6F2B_00
櫳仔	栊仔	렁아2	監牢	监牢	prison; jail		lexical	U+6AF3_U+4ED4_00
렁ˆ總	렁ˆ总	렁1정2	全部	〃	total; general; always		lexical	U+B801_U+7E3D_00
浪子	〃	렁주2	〃	〃	wanderer; prodigal		lexical	U+6D6A_U+5B50_00
挵破	〃	렁2퐈	撞破	〃	to break		lexical	U+6335_U+7834_00
禮	礼	레2	〃	礼	ritual; courtesy		lexical	U+79AE_00
犁犁	〃	레레4	犁地	〃	plow		lexical	U+7281_U+7281_00
禮貌	礼貌	레1ᄆᅷ5	〃	礼貌	manners; politeness		lexical	U+79AE_U+8C8C_00
禮拜	礼拜	레1배	〃	礼拜	week; worship		lexical	U+79AE_U+62DC_00
龍	龙	령4	〃	龙	dragon		lexical	U+9F8D_00
兩光	两光	령1겅1	〃	两光	half-baked; unreliable		lexical	U+5169_U+5149_00
良君	〃	령군1	〃	〃	a good husband		lexical	U+826F_U+541B_00
狼狽	狼狈	령붸5	〃	狼狈	wolf; distressed; embarrassed		lexical	U+72FC_U+72FD_00
良心	〃	령심1	〃	〃	conscience		lexical	U+826F_U+5FC3_00
良緣	良缘	령옌4	〃	良缘	good; kind; fate; connection		lexical	U+826F_U+7DE3_00
龍海	龙海	령해2	〃	龙海	Longhai		lexical	U+9F8D_U+6D77_00
綠茶	绿茶	롁데4	〃	绿茶	green tea		lexical	U+7DA0_U+8336_00
蔫	〃	롄1	〃	〃	withered		lexical	U+852B_00
憐	怜	롄4	〃	怜	pity; love		lexical	U+6190_00
連	连	롄4	〃	连	connect; even		lexical	U+9023_00
列車	列车	롇챠1	〃	列车	train		lexical	U+5217_U+8ECA_00
奶	〃	롕1	〃	〃	milk; breast		lexical	U+5976_01
冷	〃	롕2	〃	〃	cold		lexical	U+51B7_00
寧	宁	롕4	〃	宁	peaceful; rather		lexical	U+5BE7_00
龍	龙	롕4	〃	龙	dragon		lexical	U+9F8D_01
冷淡	〃	롕1담5	〃	〃	cold; indifferent		lexical	U+51B7_U+6DE1_00
能力	〃	롕롁1	〃	〃	ability; can; strength; power		lexical	U+80FD_U+529B_00
冷冷	〃	롕1롕2	〃	〃	cold		lexical	U+51B7_U+51B7_00
冷暖	〃	롕1롼2	〃	〃	cold		lexical	U+51B7_U+6696_00
冷氣	冷气	롕1키	〃	冷气	air conditioning		lexical	U+51B7_U+6C23_00
靈魂	灵魂	롕훈4	〃	灵魂	spirit; effective; soul		lexical	U+9748_U+9B42_00
惱	恼	로2	〃	恼	annoyed; trouble		lexical	U+60F1_00
勞碌	劳碌	로럭1	〃	劳碌	labor; toil; busy; stone roller		lexical	U+52DE_U+788C_00
羅馬字	罗马字	로마1띠5	〃	罗马字	horse; character; word		lexical	U+7F85_U+99AC_U+5B57_00
囉嗦	啰嗦	로소1	〃	啰嗦	long-winded; troublesome		lexical	U+56C9_U+55E6_00
勞苦	劳苦	로커2	〃	劳苦	labor; toil; bitter; suffering		lexical	U+52DE_U+82E6_00
落	〃	롷1	〃	〃	fall; drop		lexical	U+843D_00
落來	落来	롷래4	下來	下来	come down		lexical	U+843D_U+4F86_00
落山	〃	롷솰1	〃	〃	sunset; go down the mountain		lexical	U+843D_U+5C71_00
落車	落车	롷챠1	下車	下车	to alight		lexical	U+843D_U+8ECA_00
落塗	落涂	롷터4	落地	〃	fall; drop		lexical	U+843D_U+5857_00
落塗時	落涂时	롷터시4	落地時	落地时	when landing; on reaching the ground		lexical	U+843D_U+5857_U+6642_00
落雨	〃	롷허5	〃	〃	rain		lexical	U+843D_U+96E8_00
落葉	落叶	롷훃1	〃	落叶	fall; drop		lexical	U+843D_U+8449_00
暖	〃	롼2	〃	〃	warm		lexical	U+6696_00
戀	恋	롼4	〃	恋	love; long for		lexical	U+6200_00
亂	乱	롼5	〃	乱	chaotic; random		lexical	U+4E82_00
亂講	乱讲	롼겅2	〃	乱讲	talk nonsense		lexical	U+4E82_U+8B1B_00
亂來	乱来	롼래4	〃	乱来	act recklessly		lexical	U+4E82_U+4F86_00
戀愛	恋爱	롼애	〃	恋爱	to be in love		lexical	U+6200_U+611B_00
戀情	恋情	롼졩4	〃	恋情	romance; love affair		lexical	U+6200_U+60C5_00
亂紛紛	乱纷纷	롼훈훈5	〃	乱纷纷	chaotic; random		lexical	U+4E82_U+7D1B_U+7D1B_00
旅途	〃	루1더4	〃	〃	travel; road; journey		lexical	U+65C5_U+9014_00
女兒	女儿	루1띠4	〃	女儿	child; son		lexical	U+5973_U+5152_00
旅客	〃	루1켛	〃	〃	traveller; customer		lexical	U+65C5_U+5BA2_00
論	论	룬5	〃	论	discuss; theory		lexical	U+8AD6_00
淚	泪	뤼5	〃	泪	tears		lexical	U+6DDA_00
流浪	〃	류렁5	〃	〃	wander; roam		lexical	U+6D41_U+6D6A_00
流連	流连	류롄4	〃	流连	flow		lexical	U+6D41_U+9023_00
留戀	留恋	류롼4	〃	留恋	be reluctant to leave; nostalgic		lexical	U+7559_U+6200_00
流轉	流转	류좐2	〃	流转	circulate; drift		lexical	U+6D41_U+8F49_00
流星	〃	류칠1	〃	〃	flow		lexical	U+6D41_U+661F_00
流行	〃	류혱4	〃	〃	popular; fashionable		lexical	U+6D41_U+884C_00
李	〃	리2	〃	〃	plum; surname		lexical	U+674E_00
理	〃	리2	〃	〃	reason; manage		lexical	U+7406_00
離	离	리5	〃	离	leave; apart		lexical	U+96E2_00
理工	〃	리1강1	〃	〃	science and engineering		lexical	U+7406_U+5DE5_00
離別	离别	리볟1	〃	离别	other; different		lexical	U+96E2_U+5225_00
理想	〃	리1셩2	〃	〃	ideal		lexical	U+7406_U+60F3_00
理由	〃	리1유4	〃	〃	reason; manage		lexical	U+7406_U+7531_00
離開	离开	리퀴1	〃	离开	open		lexical	U+96E2_U+958B_00
玲瑯	〃	린5렁1	叮噹; 明亮	叮当; 明亮	tinkling; delicate; gem sound; bright		lexical	U+73B2_U+746F_00
飲	饮	림1	〃	饮	drink		lexical	U+98F2_00
林	〃	림4	〃	〃	forest; surname		lexical	U+6797_00
飲茶	饮茶	림5데4	〃	饮茶	drink tea; yum cha		lexical	U+98F2_U+8336_00
林田	〃	림뎬4	〃	〃	Japanese surname Hayashida		lexical	U+6797_U+7530_00
飲’롷킈	饮’롷킈	림1’롷킈	喝下去	〃	drink		lexical	U+98F2_U+2019_U+B877_U+D088_00
飲水	饮水	림5쥐2	〃	饮水	drink water		lexical	U+98F2_U+6C34_00
飲酒	饮酒	림5쥬2	〃	饮酒	drink alcohol		lexical	U+98F2_U+9152_00
林厝港	〃	림추2강2	〃	〃	Lim Chu Kang		lexical	U+6797_U+539D_U+6E2F_00
飲湯	饮汤	림5틍1	〃	饮汤	drink soup		lexical	U+98F2_U+6E6F_00
媽	妈	마2	〃	妈	mother; mom		lexical	U+5ABD_00
馬	马	마2	〃	马	horse		lexical	U+99AC_00
馬來西亞	马来西亚	마1래세5아1	〃	马来西亚	Malaysia		lexical	U+99AC_U+4F86_U+897F_U+4E9E_00
馬來西亞人	马来西亚人	마1래세5아5랑4	〃	马来西亚人	Malaysian person		lexical	U+99AC_U+4F86_U+897F_U+4E9E_U+4EBA_00
媽祖	妈祖	마1저2	〃	妈祖	Mazu		lexical	U+5ABD_U+7956_00
名	〃	먀4	〃	〃	name; reputation		lexical	U+540D_00
命	〃	먀5	〃	〃	life; fate		lexical	U+547D_00
名聲	名声	먀샬1	〃	名声	reputation		lexical	U+540D_U+8072_00
命運	命运	먀운5	〃	命运	fate; destiny		lexical	U+547D_U+904B_00
暝	〃	메4	〃	〃	night		lexical	U+669D_00
罵	骂	메5	〃	骂	scold		lexical	U+7F75_00
메ˉ끼ˉ麵	메ˉ끼ˉ面	메5끼5미5	美極麵	美极面	noodles		lexical	U+BA54_U+B07C_U+9EB5_00
明年	〃	메니4	〃	〃	next year		lexical	U+660E_U+5E74_00
暝’시	〃	메4’시	晚上	〃	night		lexical	U+669D_U+2019_U+C2DC_00
滿	满	뫄2	〃	满	full		lexical	U+6EFF_00
滿滿	满满	뫄1뫄2	〃	满满	full		lexical	U+6EFF_U+6EFF_00
滿面	满面	뫄1삔5	〃	满面	face; surface		lexical	U+6EFF_U+9762_00
麻油雞	麻油鸡	뫄유괴1	〃	麻油鸡	oil; chicken		lexical	U+9EBB_U+6CB9_U+96DE_00
滿意	满意	뫄1이	〃	满意	satisfied		lexical	U+6EFF_U+610F_00
糜	〃	뭬4	〃	〃	porridge		lexical	U+7CDC_00
妹	〃	뭬5	〃	〃	younger sister		lexical	U+59B9_00
每	〃	뮈2	〃	〃	each; every		lexical	U+6BCF_00
每工	〃	뮈1강1	每天	〃	every day		lexical	U+6BCF_U+5DE5_00
每日	〃	뮈1띧1	〃	〃	every day		lexical	U+6BCF_U+65E5_00
梅花	〃	뮈훼1	〃	〃	plum blossom; flower		lexical	U+6885_U+82B1_00
毛	〃	믕4	〃	〃	hair; fur		lexical	U+6BDB_00
門	门	믕4	〃	门	door; gate		lexical	U+9580_00
問	问	믕5	〃	问	ask		lexical	U+554F_00
暝	〃	미4	〃	〃	night		lexical	U+669D_01
麵	面	미5	〃	面	noodles		lexical	U+9EB5_00
麵囝	面囝	미걀2	細麵	细面	small noodles		lexical	U+9EB5_U+56DD_00
麵薄	面薄	미봏1	薄麵	薄面	thin noodles		lexical	U+9EB5_U+8584_00
麵線	面线	미솰	〃	面线	mee sua; wheat vermicelli		lexical	U+9EB5_U+7DDA_00
麵線糊	面线糊	미솰2거4	〃	面线糊	mee sua paste		lexical	U+9EB5_U+7DDA_U+7CCA_00
暝’시	〃	미4’시	晚上	〃	night		lexical	U+669D_U+2019_U+C2DC_01
物	〃	밓1	〃	〃	thing		lexical	U+7269_00
物件	〃	밓걀5	〃	〃	thing		lexical	U+7269_U+4EF6_00
飽	饱	바2	〃	饱	full; satisfied		lexical	U+98FD_00
飽飽	饱饱	바1바2	〃	饱饱	full		lexical	U+98FD_U+98FD_00
巴剎	巴刹	바5삳	〃	巴刹	market		lexical	U+5DF4_U+524E_00
縛	缚	박1	〃	缚	bind; tie		lexical	U+7E1B_00
北	〃	박	〃	〃	north		lexical	U+5317_00
腹	〃	박	〃	〃	belly; abdomen		lexical	U+8179_00
北京	〃	박1걀1	〃	〃	Beijing		lexical	U+5317_U+4EAC_00
腹肚	〃	박1더2	〃	〃	belly		lexical	U+8179_U+809A_00
腹內	腹内	박1래5	〃	腹内	inside the belly		lexical	U+8179_U+5167_00
北陰酆都	北阴酆都	박1임5헝5더1			north; yin; cloudy; hidden; all		lexical	U+5317_U+9670_U+9146_U+90FD_00
班	〃	반1	〃	〃	class; shift		lexical	U+73ED_00
辦公伙	办公伙	반겅5훼2	扮家家酒	〃	playing house		lexical	U+8FA6_U+516C_U+4F19_00
班機	班机	반5기1	〃	班机	flight		lexical	U+73ED_U+6A5F_00
菝	〃	받1	番石榴; 芭樂	番石榴; 芭乐	guava		lexical	U+83DD_00
別人	别人	받랑4	〃	别人	other people		lexical	U+5225_U+4EBA_00
菝仔	〃	받아2	番石榴; 芭樂	番石榴; 芭乐	guava		lexical	U+83DD_U+4ED4_00
放	〃	방	〃	〃	put; release		lexical	U+653E_00
放工	〃	방2강1	下班	〃	finish work		lexical	U+653E_U+5DE5_00
房間	房间	방곙1	〃	房间	room; house		lexical	U+623F_U+9593_00
放捒	〃	방2삭	放開; 放棄	放开; 放弃	put; release		lexical	U+653E_U+6352_00
放屎	〃	방2새2	大便	〃	defecate		lexical	U+653E_U+5C4E_00
放屁	〃	방2퓌	〃	〃	fart		lexical	U+653E_U+5C41_00
百	〃	밯	〃	〃	hundred		lexical	U+767E_00
百年	〃	밯1니4	〃	〃	hundred; year		lexical	U+767E_U+5E74_00
爸爸	〃	밯1밯	〃	〃	father		lexical	U+7238_U+7238_00
百箍	〃	밯1커1	百元	〃	hundred dollars		lexical	U+767E_U+7B8D_00
包	〃	ᄇᅷ1	〃	〃	wrap; bun; bag		lexical	U+5305_00
擺	摆	배2	〃	摆	put; arrange		lexical	U+64FA_00
拜	〃	배	〃	〃	worship; visit		lexical	U+62DC_00
拜五	〃	배2꺼5	星期五	〃	five		lexical	U+62DC_U+4E94_00
拜二	〃	배2띠5	星期二	〃	two		lexical	U+62DC_U+4E8C_00
拜六	〃	배2락1	星期六	〃	six		lexical	U+62DC_U+516D_00
拜拜	〃	배2배	〃	〃	worship; pray		lexical	U+62DC_U+62DC_00
拜三	〃	배2살1	星期三	〃	three		lexical	U+62DC_U+4E09_00
拜四	〃	배2시	星期四	〃	four		lexical	U+62DC_U+56DB_00
拜一	〃	배2읻	星期一	〃	one		lexical	U+62DC_U+4E00_00
餅	饼	뱔2	〃	饼	cake; biscuit		lexical	U+9905_00
拚	〃	뱔	〃	〃	struggle; fight; work hard		lexical	U+62DA_00
摒掃	摒扫	뱔2ᄉᅷ	打掃	打扫	sweep		lexical	U+6452_U+6383_00
壁	〃	뱧	〃	〃	wall		lexical	U+58C1_00
漂緻	漂致	ᄇᆤ5디	精緻	精致	fine; delicate		lexical	U+6F02_U+7DFB_00
表演	〃	ᄇᆤ1옌2	〃	〃	surface; express; perform; develop		lexical	U+8868_U+6F14_00
步	〃	버5	〃	〃	step		lexical	U+6B65_00
部	〃	버5	〃	〃	department; section		lexical	U+90E8_00
布袋	〃	버2데5	〃	〃	cloth; spread; bag		lexical	U+5E03_U+888B_00
部門	部门	버믕4	〃	部门	door		lexical	U+90E8_U+9580_00
磅	〃	벙5	〃	〃	pound; weigh		lexical	U+78C5_00
磅空	〃	벙캉1	隧道	〃	tunnel		lexical	U+78C5_U+7A7A_00
彷徨	〃	벙헝4	〃	〃	seem; wander; hesitate		lexical	U+5F77_U+5FA8_00
爬	〃	베4	〃	〃	climb; crawl		lexical	U+722C_00
爸	〃	베5	〃	〃	father		lexical	U+7238_00
爸母	〃	베뿌2	父母	〃	parents; father and mother		lexical	U+7238_U+6BCD_00
白	〃	벻1	〃	〃	white		lexical	U+767D_00
擘	〃	벻	掰開	掰开	split; break open		lexical	U+64D8_00
白目	〃	벻빡1	不識相; 討人厭	不识相; 讨人厌	clueless; annoying		lexical	U+767D_U+76EE_00
白馬	白马	벻뻬2	〃	白马	white horse		lexical	U+767D_U+99AC_00
百姓	〃	벻1셀	〃	〃	hundred		lexical	U+767E_U+59D3_00
白色	〃	벻셱	〃	〃	white; color		lexical	U+767D_U+8272_00
百姓	〃	벻1실	〃	〃	hundred		lexical	U+767E_U+59D3_01
白賊	白贼	벻찯1	謊話	谎话	white		lexical	U+767D_U+8CCA_00
白糖	〃	벻틍4	〃	〃	white sugar		lexical	U+767D_U+7CD6_00
白糖粿	〃	벻틍궤2	〃	〃	white sugar rice cake		lexical	U+767D_U+7CD6_U+7CBF_00
逼	〃	볙	〃	〃	force; press		lexical	U+903C_00
變	变	볜	〃	变	change		lexical	U+8B8A_00
變卦	变卦	볜2과	〃	变卦	change		lexical	U+8B8A_U+5366_00
便當	便当	볜덩1	〃	便当	boxed meal; bento		lexical	U+4FBF_U+7576_00
便所	〃	볜서2	〃	〃	convenient; place; that which		lexical	U+4FBF_U+6240_00
變成	变成	볜솅4	〃	变成	change		lexical	U+8B8A_U+6210_00
變做	变做	볜2죄	變成	变成	become; turn into		lexical	U+8B8A_U+505A_00
變態	变态	볜2태	〃	变态	to metamorphose; pervert		lexical	U+8B8A_U+614B_00
變化	变化	볜2화	〃	变化	change		lexical	U+8B8A_U+5316_00
兵	〃	볭1	〃	〃	soldier		lexical	U+5175_00
平	〃	볭4	〃	〃	flat; level; peaceful		lexical	U+5E73_00
朋	〃	볭4	〃	〃	friend		lexical	U+670B_00
爿	〃	볭4	〃	〃	side; half		lexical	U+723F_00
平平安安	〃	볭볭안5안1	〃	〃	flat; ordinary; peace; safe		lexical	U+5E73_U+5E73_U+5B89_U+5B89_00
兵衫	〃	볭5살1	軍服	军服	military uniform		lexical	U+5175_U+886B_00
平常	〃	볭셩4	〃	〃	ordinary; usually		lexical	U+5E73_U+5E38_00
平安	〃	볭안1	〃	〃	flat; ordinary; peace; safe		lexical	U+5E73_U+5B89_00
朋友	〃	볭유2	〃	〃	friend		lexical	U+670B_U+53CB_00
兵褲	兵裤	볭5커	軍褲	军裤	soldier		lexical	U+5175_U+8932_00
兵頭	兵头	볭5ᄐᅷ4	軍官	军官	soldier; head		lexical	U+5175_U+982D_00
寶	宝	보2	〃	宝	treasure; precious		lexical	U+5BF6_00
報	报	보	〃	报	report; newspaper		lexical	U+5831_00
婆	〃	보4	〃	〃	old woman; grandmother		lexical	U+5A46_00
寶貴	宝贵	보1귀	〃	宝贵	precious		lexical	U+5BF6_U+8CB4_00
保重	〃	보1뎡5	〃	〃	heavy; again		lexical	U+4FDD_U+91CD_00
坡底	〃	보5되2	市中心	〃	downtown		lexical	U+5761_U+5E95_00
玻璃	〃	보5레4	〃	〃	glass		lexical	U+73BB_U+7483_00
玻璃杯	〃	보5레붸1	〃	〃	glass cup		lexical	U+73BB_U+7483_U+676F_00
保庇	〃	보1비	保佑	〃	protect; keep; shelter		lexical	U+4FDD_U+5E87_00
寶惜	宝惜	보1숗	珍惜	〃	treasure; cherish		lexical	U+5BF6_U+60DC_00
保證	保证	보1졩	〃	保证	protect; keep; prove; certificate		lexical	U+4FDD_U+8B49_00
報紙	报纸	보2좌2	〃	报纸	newspaper		lexical	U+5831_U+7D19_00
薄	〃	봏1	〃	〃	thin		lexical	U+8584_00
薄情郎	〃	봏졩렁4	〃	〃	thin; feeling; affection		lexical	U+8584_U+60C5_U+90CE_00
搬	〃	봘1	〃	〃	move; carry		lexical	U+642C_00
半	〃	봘	〃	〃	half		lexical	U+534A_00
盤	盘	봘4	〃	盘	plate; tray		lexical	U+76E4_00
半暝	〃	봘2메4	半夜	〃	midnight		lexical	U+534A_U+669D_00
半暝	〃	봘2미4	半夜	〃	midnight		lexical	U+534A_U+669D_01
跋	〃	봫1	擲筊	掷筊	divine by moon blocks		lexical	U+8DCB_00
撥	拨	봫	〃	拨	push aside; allocate		lexical	U+64A5_00
跋筊	〃	봫ᄀᆤ2	擲筊	掷筊	divine by moon blocks		lexical	U+8DCB_U+7B4A_00
跋杯	〃	봫붸1	擲筊	掷筊	cast divination blocks		lexical	U+8DCB_U+676F_00
八	〃	뵣	〃	〃	eight		lexical	U+516B_00
八點檔	八点档	뵣1댬1덩2	〃	八点档	eight; point; dot		lexical	U+516B_U+9EDE_U+6A94_00
八字	〃	뵣1띠5	〃	〃	eight characters; birth characters		lexical	U+516B_U+5B57_00
八百	〃	뵣1밯	〃	〃	eight hundred		lexical	U+516B_U+767E_00
八十	〃	뵣1잡1	〃	〃	eighty		lexical	U+516B_U+5341_00
八千	〃	뵣1촁1	〃	〃	eight; thousand		lexical	U+516B_U+5343_00
八分	〃	뵣1훈5	〃	〃	eight parts; eighty percent		lexical	U+516B_U+5206_00
分	〃	분1	〃	〃	divide; minute; cent		lexical	U+5206_00
本	〃	분2	〃	〃	root; book; classifier		lexical	U+672C_00
本來	本来	분1래4	〃	本来	originally		lexical	U+672C_U+4F86_00
本性難移	本性难移	분1솅2란이4	〃	本性难移	one's nature is hard to change		lexical	U+672C_U+6027_U+96E3_U+79FB_00
糞掃	粪扫	분2소	垃圾	〃	sweep		lexical	U+7CDE_U+6383_00
本錢	本钱	분1질4	〃	本钱	capital		lexical	U+672C_U+9322_00
不	〃	붇	〃	〃	not; no		lexical	U+4E0D_00
不知不覺	不知不觉	붇1디5붇1각	〃	不知不觉	unconsciously; without realizing		lexical	U+4E0D_U+77E5_U+4E0D_U+89BA_00
不時	不时	붇1시4	〃	不时	from time to time		lexical	U+4E0D_U+6642_00
不正	〃	붇1졩	〃	〃	improper; not upright		lexical	U+4E0D_U+6B63_00
不孝	〃	붇1ᄒᅷ	〃	〃	unfilial		lexical	U+4E0D_U+5B5D_00
杯	〃	붸1	〃	〃	cup		lexical	U+676F_00
飛	飞	붸1	〃	飞	fly		lexical	U+98DB_00
陪	〃	붸4	〃	〃	accompany		lexical	U+966A_00
佩劍	佩剑	붸걈	〃	佩剑	wear; admire; sword		lexical	U+4F69_U+528D_00
飛機	飞机	붸5기1	〃	飞机	airplane		lexical	U+98DB_U+6A5F_00
飛龍	飞龙	붸5롕4	〃	飞龙	flying dragon		lexical	U+98DB_U+9F8D_00
背影	〃	붸얄2	〃	〃	shadow; image		lexical	U+80CC_U+5F71_00
陪伴	〃	붸퐐5	〃	〃	accompany		lexical	U+966A_U+4F34_00
背後	背后	붸효5	〃	背后	after; behind		lexical	U+80CC_U+5F8C_00
肥	〃	뷔4	〃	〃	fat; fertile		lexical	U+80A5_00
拔	〃	뷯1	〃	〃	pull out; remove		lexical	U+62D4_00
方	〃	븡1	〃	〃	direction; method		lexical	U+65B9_00
飯	饭	븡5	〃	饭	rice; meal		lexical	U+98EF_00
比	〃	비2	〃	〃	compare		lexical	U+6BD4_00
悲劇	悲剧	비5격1	〃	悲剧	sad; drama; severe		lexical	U+60B2_U+5287_00
琵琶	〃	비베4	〃	〃	pipa		lexical	U+7435_U+7436_00
秘密	〃	비2삗1	〃	〃	secret; dense		lexical	U+79D8_U+5BC6_00
比賽	比赛	비1새	〃	比赛	competition; match		lexical	U+6BD4_U+8CFD_00
悲傷	悲伤	비5셩1	〃	悲伤	hurt; wound		lexical	U+60B2_U+50B7_00
閉思	闭思	비2수	害羞	〃	shy		lexical	U+9589_U+601D_00
秘方	〃	비2흥1	〃	〃	secret; direction; method		lexical	U+79D8_U+65B9_00
憑	凭	빈4	〃	凭	rely on; evidence		lexical	U+6191_00
屏東	屏东	빈덩1	〃	屏东	Pingtung		lexical	U+5C4F_U+6771_00
貧惰	贫惰	빈돨5	懶惰	懒惰	poor; lazy		lexical	U+8CA7_U+60F0_00
筆	笔	빋	〃	笔	pen; brush		lexical	U+7B46_00
邊	边	빌1	〃	边	side; edge		lexical	U+908A_00
鱉	鳖	빟	〃	鳖	softshell turtle		lexical	U+9C49_00
目	〃	빡1	眼睛	〃	eye		lexical	U+76EE_00
目鏡	目镜	빡걀	眼鏡	眼镜	eye		lexical	U+76EE_U+93E1_00
茉莉	〃	빡니5	〃	〃	jasmine		lexical	U+8309_U+8389_00
目眉	〃	빡빼4	眉毛	〃	eye		lexical	U+76EE_U+7709_00
目尾	〃	빡쀄2	眼角	〃	corner of the eye		lexical	U+76EE_U+5C3E_00
目滓	〃	빡새2	眼淚	眼泪	tears		lexical	U+76EE_U+6ED3_00
目睭	〃	빡쥬1	眼睛	〃	eye		lexical	U+76EE_U+776D_00
閩	闽	빤4	〃	闽	Min; Fujian		lexical	U+95A9_00
慢	〃	빤5	〃	〃	slow		lexical	U+6162_00
萬	万	빤5	〃	万	ten thousand		lexical	U+842C_00
閩語	闽语	빤꾸2	〃	闽语	Min language		lexical	U+95A9_U+8A9E_00
閩東	闽东	빤당1	〃	闽东	Mindong		lexical	U+95A9_U+6771_00
閩東語	闽东语	빤당5꾸2	〃	闽东语	Mindong language		lexical	U+95A9_U+6771_U+8A9E_00
閩南	闽南	빤람4	〃	闽南	Minnan; Southern Min		lexical	U+95A9_U+5357_00
閩南語	闽南语	빤람꾸2	〃	闽南语	Minnan language; Southern Min		lexical	U+95A9_U+5357_U+8A9E_00
慢慢	〃	빤빤5	〃	〃	slow		lexical	U+6162_U+6162_00
曼煎粿	〃	빤졘5궤2	曼煎糕	〃	apam balik		lexical	U+66FC_U+714E_U+7CBF_00
萬箍	万箍	빤커1	萬元	万元	ten thousand dollars		lexical	U+842C_U+7B8D_00
挽回	〃	빤1훼4	〃	〃	return		lexical	U+633D_U+56DE_00
捌	〃	빧	知道; 認識	知道; 认识	know; recognize		lexical	U+634C_00
茫	〃	빵4	〃	〃	hazy; confused		lexical	U+832B_00
夢	梦	빵5	〃	梦	dream		lexical	U+5922_00
望	〃	빵5	〃	〃	hope; look		lexical	U+671B_00
網	网	빵5	〃	网	net; web		lexical	U+7DB2_00
艋舺	〃	빵1갛	〃	〃	Monga; Bangka		lexical	U+824B_U+823A_00
夢中	梦中	빵뎡1	〃	梦中	in a dream		lexical	U+5922_U+4E2D_00
網路	网路	빵러5	〃	网路	road		lexical	U+7DB2_U+8DEF_00
茫茫	〃	빵빵4	〃	〃	vast; hazy		lexical	U+832B_U+832B_00
網站	网站	빵잠5	〃	网站	website		lexical	U+7DB2_U+7AD9_00
夢醒	梦醒	빵칠2	〃	梦醒	dream		lexical	U+5922_U+9192_00
肉	〃	빻	〃	〃	meat		lexical	U+8089_00
肉乾	肉干	빻1괄1	〃	肉干	meat		lexical	U+8089_U+4E7E_00
肉骨茶	〃	빻1굳1데4	〃	〃	bak kut teh		lexical	U+8089_U+9AA8_U+8336_00
肉粽	〃	빻1장	〃	〃	meat rice dumpling		lexical	U+8089_U+7CBD_00
肉脞	〃	빻1초	肉末	〃	minced meat		lexical	U+8089_U+811E_00
肉脞麵	肉脞面	빻1초2미5	肉末麵	肉末面	minced meat noodles		lexical	U+8089_U+811E_U+9EB5_00
肉體	肉体	빻1테2	〃	肉体	body; flesh		lexical	U+8089_U+9AD4_00
模樣	模样	뻐율5	〃	模样	model; pattern; appearance; manner		lexical	U+6A21_U+6A23_00
目的	〃	뻑뎩1	〃	〃	purpose; motive		lexical	U+76EE_U+7684_00
目前	〃	뻑졩4	〃	〃	at present; before one's eyes		lexical	U+76EE_U+524D_00
茫	〃	뻥4	〃	〃	hazy; confused		lexical	U+832B_01
茫霧	茫雾	뻥뿌5	霧濛濛	雾蒙蒙	hazy; confused		lexical	U+832B_U+9727_00
亡魂	〃	뻥훈4	〃	〃	dead; deceased; soul		lexical	U+4EA1_U+9B42_00
馬	马	뻬2	〃	马	horse		lexical	U+99AC_01
迷	〃	뻬4	〃	〃	lost; fascinated		lexical	U+8FF7_00
妹	〃	뻬5	〃	〃	younger sister		lexical	U+59B9_01
迷題	迷题	뻬되4	謎題	谜题	riddle; puzzle		lexical	U+8FF7_U+984C_00
迷人	〃	뻬랑4	〃	〃	charming; fascinating		lexical	U+8FF7_U+4EBA_00
迷戀	迷恋	뻬롼4	〃	迷恋	infatuated; obsessed		lexical	U+8FF7_U+6200_00
迷魂	〃	뻬훈4	〃	〃	enchant; lose one's soul		lexical	U+8FF7_U+9B42_00
欲	〃	뼇	〃	〃	want; desire; about to		lexical	U+6B32_00
免	〃	뼨2	〃	〃	do not need; exempt		lexical	U+514D_00
勉強	勉强	뼨1경2	〃	勉强	strong		lexical	U+52C9_U+5F37_00
猛	〃	뼹2	〃	〃	fierce		lexical	U+731B_00
明	〃	뼹4	〃	〃	bright; clear		lexical	U+660E_00
明月	〃	뼹뀋1	〃	〃	bright moon		lexical	U+660E_U+6708_00
明日	〃	뼹띧1	〃	〃	tomorrow		lexical	U+660E_U+65E5_00
名利	〃	뼹리5	〃	〃	name; reputation; benefit; profit		lexical	U+540D_U+5229_00
明明	〃	뼹뼹4	〃	〃	clearly; obviously		lexical	U+660E_U+660E_00
明王	〃	뼹엉4	〃	〃	bright; clear; king		lexical	U+660E_U+738B_00
明知	〃	뼹재1	〃	〃	know clearly		lexical	U+660E_U+77E5_00
뽀影	〃	뽀얄2	不是真的	〃	not real; not legitimate		lexical	U+BF40_U+5F71_00
뽀要緊	뽀要紧	뽀ᄋᆤ2긴2	不要緊	不要紧	not important; not urgent		lexical	U+BF40_U+8981_U+7DCA_00
뽀插	〃	뽀찹	不要插入	〃	do not insert; not inserted		lexical	U+BF40_U+63D2_00
뽀彩工	〃	뽀채1강1	沒意思	没意思	pointless; meaningless		lexical	U+BF40_U+5F69_U+5DE5_00
滿	满	뽠2	〃	满	full		lexical	U+6EFF_01
買	买	뾔2	〃	买	buy		lexical	U+8CB7_00
賣	卖	뾔5	〃	卖	sell		lexical	U+8CE3_00
買賣	买卖	뾔1뾔5	〃	买卖	business; trade		lexical	U+8CB7_U+8CE3_00
뾔要緊	뾔要紧	뾔ᄋᆤ2긴2	不會重要; 不會緊急	不会重要; 不会紧急	won't be important; won't be urgent		lexical	U+BF94_U+8981_U+7DCA_00
買票	买票	뾔1표	〃	买票	buy a ticket		lexical	U+8CB7_U+7968_00
賣票	卖票	뾔표	〃	卖票	sell tickets		lexical	U+8CE3_U+7968_00
秒	〃	뾰2	〃	〃	second		lexical	U+79D2_00
母	〃	뿌2	〃	〃	mother		lexical	U+6BCD_00
無	无	뿌4	〃	无	not have; no		lexical	U+7121_00
無間地獄	无间地狱	뿌간5데꼑1	〃	无间地狱	not have; no; earth; place		lexical	U+7121_U+9593_U+5730_U+7344_00
母囝	〃	뿌1걀2	母親和孩子	母亲和孩子	mother and child		lexical	U+6BCD_U+56DD_00
舞台	〃	뿌1대4	〃	〃	dance; platform; Taiwan		lexical	U+821E_U+53F0_00
文	〃	뿐4	〃	〃	writing; literature		lexical	U+6587_00
問題	问题	뿐되4	〃	问题	ask		lexical	U+554F_U+984C_00
文字	〃	뿐띠5	〃	〃	writing; characters		lexical	U+6587_U+5B57_00
文禮	文礼	뿐레2	〃	文礼	Boon Lay		lexical	U+6587_U+79AE_00
文文仔笑	〃	뿐뿐아1쵸	微笑	〃	smile gently		lexical	U+6587_U+6587_U+4ED4_U+7B11_00
文化	〃	뿐화	〃	〃	writing; literature		lexical	U+6587_U+5316_00
尾	〃	쀄2	〃	〃	tail; end		lexical	U+5C3E_00
未	〃	쀄5	〃	〃	not yet		lexical	U+672A_00
米	〃	삐2	〃	〃	uncooked rice		lexical	U+7C73_00
美	〃	삐2	〃	〃	beautiful; America		lexical	U+7F8E_00
味	〃	삐5	〃	〃	taste; flavor		lexical	U+5473_00
微	〃	삐5	〃	〃	slight; subtle		lexical	U+5FAE_00
美國	美国	삐1걱	〃	美国	United States		lexical	U+7F8E_U+570B_00
美國人	美国人	삐1걱1랑4	〃	美国人	American person		lexical	U+7F8E_U+570B_U+4EBA_00
美德	〃	삐1뎩	〃	〃	virtue; noble attribute; United States–Germany		lexical	U+7F8E_U+5FB7_00
未來	未来	삐래4	〃	未来	future		lexical	U+672A_U+4F86_00
美麗	美丽	삐1레5	〃	美丽	beautiful		lexical	U+7F8E_U+9E97_00
美夢	美梦	삐1빵5	〃	美梦	beautiful dream		lexical	U+7F8E_U+5922_00
微微	〃	삐삐5	〃	〃	slight; faint		lexical	U+5FAE_U+5FAE_00
美世界	〃	삐1세2개	〃	〃	Beauty World		lexical	U+7F8E_U+4E16_U+754C_00
米酒	〃	삐1쥬2	〃	〃	rice; alcohol; wine		lexical	U+7C73_U+9152_00
米酒頭	米酒头	삐1쥬1ᄐᅷ4	〃	米酒头	rice; alcohol; wine; head		lexical	U+7C73_U+9152_U+982D_00
米酒頭仔	米酒头仔	삐1쥬1ᄐᅷ아2	米酒頭	米酒头	rice; alcohol; wine; head; diminutive suffix		lexical	U+7C73_U+9152_U+982D_U+4ED4_00
米粉	〃	삐1훈2	〃	〃	bee hoon; rice vermicelli		lexical	U+7C73_U+7C89_00
米粉粿	〃	삐1훈1궤2			bee hoon kueh		lexical	U+7C73_U+7C89_U+7CBF_00
米粉湯	米粉汤	삐1훈1틍1	〃	米粉汤	rice vermicelli soup		lexical	U+7C73_U+7C89_U+6E6F_00
民	〃	삔4	〃	〃	people		lexical	U+6C11_00
眠	〃	삔4	〃	〃	sleep		lexical	U+7720_00
面	〃	삔5	〃	〃	face; side; noodles		lexical	U+9762_00
民國	民国	삔걱	〃	民国	Republic; Minguo		lexical	U+6C11_U+570B_00
面底皮	〃	삔되1풰4	臉皮	脸皮	face; surface; where; which		lexical	U+9762_U+5E95_U+76AE_00
面對	面对	삔뒤	〃	面对	face; surface; correct; toward; pair		lexical	U+9762_U+5C0D_00
眠夢	眠梦	삔빵5	夢	梦	dream		lexical	U+7720_U+5922_00
面肉	〃	삔빻	臉頰	脸颊	face flesh		lexical	U+9762_U+8089_00
面色	〃	삔셱	〃	〃	face; surface; color		lexical	U+9762_U+8272_00
明仔日	〃	삔아1띧1	明天	〃	tomorrow		lexical	U+660E_U+4ED4_U+65E5_00
明仔載	明仔载	삔아1재	明天	〃	bright; clear; diminutive suffix		lexical	U+660E_U+4ED4_U+8F09_00
面冊	面册	삔쳏	臉書	脸书	face; surface		lexical	U+9762_U+518A_00
眠床	〃	삔층4	床	〃	sleep; bed		lexical	U+7720_U+5E8A_00
蜜	〃	삗1	〃	〃	honey		lexical	U+871C_00
覕	〃	삫	躲藏	〃	hide; conceal		lexical	U+8995_00
覕相揣	〃	삫1쇼5췌5	捉迷藏	〃	hide-and-seek		lexical	U+8995_U+76F8_U+63E3_00
散步	〃	산2버5	〃	〃	take a walk		lexical	U+6563_U+6B65_00
山盟海誓	〃	산5뼹해1세	〃	〃	mountain; sea		lexical	U+5C71_U+76DF_U+6D77_U+8A93_00
散食	〃	산2쟣1	貧窮	贫穷	poor		lexical	U+6563_U+98DF_00
三	〃	살1	〃	〃	three		lexical	U+4E09_00
衫	〃	살1	衣服	〃	shirt; clothes		lexical	U+886B_00
啥	〃	살2	什麼	什么	what		lexical	U+5565_00
三個月	三个月	살5고2뀋1	〃	三个月	three months		lexical	U+4E09_U+500B_U+6708_00
相見	相见	살5길	〃	相见	see each other		lexical	U+76F8_U+898B_00
相見歡	相见欢	살5길2활1	〃	相见欢	happy reunion; joy of meeting		lexical	U+76F8_U+898B_U+6B61_00
三冬	〃	살5당1	〃	〃	three years		lexical	U+4E09_U+51AC_00
三點鐘	三点钟	살5댬1졩1	〃	三点钟	three o'clock		lexical	U+4E09_U+9EDE_U+9418_00
三日	〃	살5띧1	〃	〃	three days		lexical	U+4E09_U+65E5_00
三百	〃	살5밯	〃	〃	three hundred		lexical	U+4E09_U+767E_00
三十	〃	살5잡1	〃	〃	thirty		lexical	U+4E09_U+5341_00
衫褲	衫裤	살5커	衣服	〃	clothes		lexical	U+886B_U+8932_00
三分	〃	살5훈1	〃	〃	three minutes; three cents		lexical	U+4E09_U+5206_00
三不五時	三不五时	삼5붇1꺼시4	〃	三不五时	from time to time		lexical	U+4E09_U+4E0D_U+4E94_U+6642_00
鬆	松	상1	〃	松	loose; relaxed		lexical	U+9B06_00
送	〃	상	〃	〃	send; give		lexical	U+9001_00
煠	〃	샇1	煮; 汆燙	煮; 汆烫	boil; blanch		lexical	U+7160_00
掃	扫	ᄉᅷ	〃	扫	sweep		lexical	U+6383_00
西	〃	새1	〃	〃	west		lexical	U+897F_00
使	〃	새2	〃	〃	use; make		lexical	U+4F7F_00
屎	〃	새2	〃	〃	feces		lexical	U+5C4E_00
駛	驶	새2	〃	驶	drive; use		lexical	U+99DB_00
西北雨	〃	새5박1허5	午後雷陣雨	午后雷阵雨	sudden afternoon shower		lexical	U+897F_U+5317_U+96E8_00
駛車	驶车	새1챠1	〃	驶车	drive		lexical	U+99DB_U+8ECA_00
寫	写	샤2	〃	写	write		lexical	U+5BEB_00
謝	谢	샤5	〃	谢	thank; apologize		lexical	U+8B1D_00
謝罪	谢罪	샤줴	〃	谢罪	apologize; atone		lexical	U+8B1D_U+7F6A_00
寫批	写批	샤1풰1	寫信	写信	write a letter		lexical	U+5BEB_U+6279_00
寫好	写好	샤1호2	〃	写好	good		lexical	U+5BEB_U+597D_00
社會	社会	샤훼5	〃	社会	society; community		lexical	U+793E_U+6703_00
聲	声	샬1	〃	声	sound; voice		lexical	U+8072_00
啥	〃	샬2	什麼	什么	what		lexical	U+5565_01
啥人	〃	샬1랑4	誰	谁	who		lexical	U+5565_U+4EBA_00
啥物	〃	샬1밓1	什麼	什么	what; something		lexical	U+5565_U+7269_00
聲聲	声声	샬5샬1	〃	声声	sound; voice		lexical	U+8072_U+8072_00
聲音	声音	샬5임1	〃	声音	sound; voice		lexical	U+8072_U+97F3_00
城市	〃	샬치5	〃	〃	city		lexical	U+57CE_U+5E02_00
啥貨	啥货	샬1훼	什麼	什么	what		lexical	U+5565_U+8CA8_00
䀐	〃	샴1	看; 瞥	〃	look; glance		lexical	U+4010_00
閃	闪	샴2	〃	闪	flash; dodge		lexical	U+9583_00
閃閃爍	闪闪烁	샴1샴1싷	閃爍	闪烁	sparkling; flickering		lexical	U+9583_U+9583_U+720D_00
閃閃爍爍	闪闪烁烁	샴1샴1싷1싷	〃	闪闪烁烁	sparkling; flickering		lexical	U+9583_U+9583_U+720D_U+720D_00
閃爍	闪烁	샴1싷	〃	闪烁	sparkle; flicker		lexical	U+9583_U+720D_00
澀	涩	샵	〃	涩	rough; astringent		lexical	U+6F80_00
雙	双	샹1	〃	双	pair; double		lexical	U+96D9_00
雙人	双人	샹5랑4	〃	双人	two people; pair		lexical	U+96D9_U+4EBA_00
雙手	双手	샹5츄2	〃	双手	hand		lexical	U+96D9_U+624B_00
雙跤	双跤	샹5카1	雙腳	双脚	both feet		lexical	U+96D9_U+8DE4_00
銷	销	ᄉᆤ1	〃	销	sell; melt		lexical	U+92B7_00
痟	〃	ᄉᆤ2	瘋	疯	crazy		lexical	U+75DF_00
數	数	ᄉᆤ	〃	数	number; count		lexical	U+6578_00
數念	数念	ᄉᆤ2럄5	想念	〃	to miss; to think of		lexical	U+6578_U+5FF5_00
少年	〃	ᄉᆤ2롄4	〃	〃	youth; young person		lexical	U+5C11_U+5E74_00
少年家	〃	ᄉᆤ2롄게1	年輕人	年轻人	young person		lexical	U+5C11_U+5E74_U+5BB6_00
少年人	〃	ᄉᆤ2롄랑4	年輕人	年轻人	year; person; people		lexical	U+5C11_U+5E74_U+4EBA_00
消失	〃	ᄉᆤ5싣	〃	〃	lose; mistake		lexical	U+6D88_U+5931_00
消息	〃	ᄉᆤ5싣	〃	〃	disappear; remove; rest; breath		lexical	U+6D88_U+606F_00
消遣	〃	ᄉᆤ5켼2	〃	〃	disappear; remove; send; dispatch		lexical	U+6D88_U+9063_00
痟貪	痟贪	ᄉᆤ1탐1	貪心	贪心	crazy		lexical	U+75DF_U+8CAA_00
酥	〃	서1	〃	〃	crisp; flaky		lexical	U+9165_00
所	〃	서2	〃	〃	place; that which		lexical	U+6240_00
所有	〃	서1우5	〃	〃	all		lexical	U+6240_U+6709_00
所以	〃	서1이2	〃	〃	therefore; so		lexical	U+6240_U+4EE5_00
所在	〃	서1재5	〃	〃	place		lexical	U+6240_U+5728_00
束縛	束缚	석1박1	〃	束缚	bind; bundle; tie		lexical	U+675F_U+7E1B_00
森妄	〃	섬5뻥5	傲慢	〃	arrogant		lexical	U+68EE_U+5984_00
爽	〃	성2	〃	〃	comfortable; refreshed		lexical	U+723D_00
喪	丧	성	〃	丧	lose; mourning		lexical	U+55AA_00
喪膽	丧胆	성2달2	〃	丧胆	terrified		lexical	U+55AA_U+81BD_00
西	〃	세1	〃	〃	west		lexical	U+897F_01
世	〃	세	〃	〃	world; generation		lexical	U+4E16_00
世間	世间	세2간1	〃	世间	world; society		lexical	U+4E16_U+9593_00
世界	〃	세2개	〃	〃	world		lexical	U+4E16_U+754C_00
世事	〃	세2수5	〃	〃	worldly affairs		lexical	U+4E16_U+4E8B_00
西施	〃	세5시1	〃	〃	west		lexical	U+897F_U+65BD_00
西洋	〃	세5율4	〃	〃	Western; the West		lexical	U+897F_U+6D0B_00
世宗	〃	세2정1	〃	〃	world; generation		lexical	U+4E16_U+5B97_00
世情	〃	세2졩4	〃	〃	worldly affairs; human feelings		lexical	U+4E16_U+60C5_00
生	〃	셀1	〃	〃	life; raw; give birth		lexical	U+751F_00
姓	〃	셀	〃	〃	surname		lexical	U+59D3_00
生日	〃	셀5띧1	〃	〃	birthday		lexical	U+751F_U+65E5_00
性命	〃	셀2먀5	〃	〃	life; fate		lexical	U+6027_U+547D_00
生死	〃	셀5시2	〃	〃	life and death		lexical	U+751F_U+6B7B_00
踅	〃	셓1	轉; 逛	转; 逛	wander		lexical	U+8E05_00
雪	〃	셓	〃	〃	snow		lexical	U+96EA_00
俗	〃	셕1	〃	〃	custom; common		lexical	U+4FD7_00
寂寞	〃	셕1뻑1	〃	〃	quiet; lonely; silent		lexical	U+5BC2_U+5BDE_00
屬於	属于	셕의4	〃	属于	belong to; at; in		lexical	U+5C6C_U+65BC_00
想	〃	셜5	〃	〃	think; want		lexical	U+60F3_00
想欲	〃	셜뼇	想要	〃	want to		lexical	U+60F3_U+6B32_00
傷	伤	셩1	〃	伤	hurt; wound		lexical	U+50B7_00
相	〃	셩1	〃	〃	mutual; appearance		lexical	U+76F8_00
相	〃	셩	〃	〃	mutual; appearance		lexical	U+76F8_01
常	〃	셩4	〃	〃	often; ordinary		lexical	U+5E38_00
上	〃	셩5	〃	〃	up; above; on		lexical	U+4E0A_00
上第	〃	셩데5	〃	〃	first-class; superior		lexical	U+4E0A_U+7B2C_00
傷悲	伤悲	셩5비1	〃	伤悲	hurt; wound		lexical	U+50B7_U+60B2_00
詳細	详细	셩쇠	〃	详细	small; fine		lexical	U+8A73_U+7D30_00
相隨	相随	셩5쉬4	〃	相随	follow together		lexical	U+76F8_U+96A8_00
相信	〃	셩5신	〃	〃	believe		lexical	U+76F8_U+4FE1_00
傷心	伤心	셩5심1	〃	伤心	sad; heartbroken		lexical	U+50B7_U+5FC3_00
翔安	〃	셩안1	〃	〃	peace; safe		lexical	U+7FD4_U+5B89_00
上愛	上爱	셩애	最愛	最爱	love most; favourite		lexical	U+4E0A_U+611B_00
相依為命	相依为命	셩5이5위뼹5	〃	相依为命	mutual; appearance; for; because of; life		lexical	U+76F8_U+4F9D_U+70BA_U+547D_00
相片	〃	셩2필	〃	〃	photograph		lexical	U+76F8_U+7247_00
傷害	伤害	셩5해5	〃	伤害	hurt; harm		lexical	U+50B7_U+5BB3_00
相逢	〃	셩5헝4	〃	〃	mutual; appearance		lexical	U+76F8_U+9022_00
上好	〃	셩호2	〃	〃	best		lexical	U+4E0A_U+597D_00
傷痕	伤痕	셩5훈4	〃	伤痕	scar; wound mark		lexical	U+50B7_U+75D5_00
相會	相会	셩5훼5	〃	相会	mutual; appearance; can; meeting		lexical	U+76F8_U+6703_00
熟	〃	셱1	〃	〃	ripe; familiar; cooked		lexical	U+719F_00
色	〃	셱	〃	〃	colour		lexical	U+8272_00
昔日	〃	셱1띧1	〃	〃	former days		lexical	U+6614_U+65E5_00
熟似	〃	셱새5	認識	认识	know; be acquainted with		lexical	U+719F_U+4F3C_00
碩士	硕士	셱수5	〃	硕士	large; master's degree; scholar; specialist		lexical	U+78A9_U+58EB_00
蟮	〃	셴5					lexical	U+87EE_00
仙女	〃	셴5릐2	〃	〃	immortal; fairy; woman; female		lexical	U+4ED9_U+5973_00
先生	〃	셴5실1	〃	〃	teacher; Mr.; husband		lexical	U+5148_U+751F_00
蟮蟲	蟮虫	셴탕4	壁虎	〃	house lizard		lexical	U+87EE_U+87F2_00
設計	设计	셷1게	〃	设计	set up; design; plan; count		lexical	U+8A2D_U+8A08_00
先	〃	솅1	〃	〃	first		lexical	U+5148_00
升	〃	솅1	〃	〃	rise; ascend		lexical	U+5347_00
成	〃	솅4	〃	〃	become; accomplish		lexical	U+6210_00
盛港	〃	솅강2	〃	〃	Sengkang		lexical	U+76DB_U+6E2F_00
成功	〃	솅겅1	〃	〃	success; succeed		lexical	U+6210_U+529F_00
生機	生机	솅5기1	〃	生机	vitality; chance of survival		lexical	U+751F_U+6A5F_00
生理	〃	솅5리2	生意; 生計	生意; 生计	business; livelihood		lexical	U+751F_U+7406_00
生活	〃	솅5왛1	〃	〃	life; live		lexical	U+751F_U+6D3B_00
成為	成为	솅위4	〃	成为	become		lexical	U+6210_U+70BA_00
成就	〃	솅쥬5	〃	〃	achievement; accomplish		lexical	U+6210_U+5C31_00
升起	〃	솅5키2	〃	〃	rise		lexical	U+5347_U+8D77_00
鎖匙	锁匙	소1시4	鑰匙	钥匙	lock; spoon; key		lexical	U+9396_U+5319_00
沙	〃	솨1	〃	〃	sand		lexical	U+6C99_00
痧	〃	솨1	〃	〃	heat rash; illness		lexical	U+75E7_00
紲	绁	솨	繼續; 連接	继续; 连接	continue; connect		lexical	U+7D32_00
紲來	绁来	솨2래4	接下來	接下来	come		lexical	U+7D32_U+4F86_00
選	选	솬2	〃	选	choose		lexical	U+9078_00
蒜	〃	솬	〃	〃	garlic		lexical	U+849C_00
選擇	选择	솬1뎩1	〃	选择	choose; selection		lexical	U+9078_U+64C7_00
旋鰡鼓	〃	솬5류5거2	泥鰍	泥鳅	Pond loach		lexical	U+65CB_U+9C21_U+9F13_00
訕削	讪削	솬샿	嘲笑; 諷刺	嘲笑; 讽刺	mock; tease; cut; pare		lexical	U+8A15_U+524A_00
選區	选区	솬1쿠1	〃	选区	constituency		lexical	U+9078_U+5340_00
選票	选票	솬1표	〃	选票	ballot; vote		lexical	U+9078_U+7968_00
雪	〃	솯	〃	〃	snow		lexical	U+96EA_01
山	〃	솰1	〃	〃	mountain		lexical	U+5C71_00
傘	伞	솰	〃	伞	umbrella		lexical	U+5098_00
散	〃	솰	〃	〃	scatter; loose		lexical	U+6563_00
線	线	솰	〃	线	line; thread		lexical	U+7DDA_00
山龜	山龟	솰5구1	土包子	〃	bumpkin		lexical	U+5C71_U+9F9C_00
山頂	山顶	솰5뎽2	〃	山顶	mountaintop		lexical	U+5C71_U+9802_00
汕頭	汕头	솰2ᄐᅷ4	〃	汕头	Shantou (Swatow)		lexical	U+6C55_U+982D_00
煞	〃	쇃	停; 結束; 竟然	停; 结束; 竟然	stop; finish; unexpectedly		lexical	U+715E_00
洗	〃	쇠2	〃	〃	wash		lexical	U+6D17_00
細	细	쇠	〃	细	small; fine		lexical	U+7D30_00
細囝	细囝	쇠2걀2	小孩	〃	small; fine; child		lexical	U+7D30_U+56DD_00
細膩	细腻	쇠2띠5	〃	细腻	small; fine		lexical	U+7D30_U+81A9_00
細聲	细声	쇠2샬1	小聲	小声	soft voice; quietly		lexical	U+7D30_U+8072_00
細細	细细	쇠2쇠	〃	细细	small; finely		lexical	U+7D30_U+7D30_00
細漢	细汉	쇠2한	小; 年幼	〃	small; young		lexical	U+7D30_U+6F22_00
燒	烧	쇼1	〃	烧	hot; burn		lexical	U+71D2_00
相	〃	쇼1	〃	〃	mutual; appearance		lexical	U+76F8_02
小	〃	쇼2	〃	〃	small		lexical	U+5C0F_00
相仝	〃	쇼5강5	一樣	一样	same		lexical	U+76F8_U+4EDD_00
相讓	相让	쇼5뉴5	〃	相让	give way to each other		lexical	U+76F8_U+8B93_00
小弟	〃	쇼1디5	〃	〃	younger brother		lexical	U+5C0F_U+5F1F_00
小路	〃	쇼1러5	〃	〃	path		lexical	U+5C0F_U+8DEF_00
小妹	〃	쇼1뭬5	〃	〃	younger sister		lexical	U+5C0F_U+59B9_00
燒肉粽	烧肉粽	쇼5빻1장	熱粽子	热粽子	hot rice dumpling		lexical	U+71D2_U+8089_U+7CBD_00
小妹	〃	쇼1뻬5	〃	〃	younger sister		lexical	U+5C0F_U+59B9_01
相送	〃	쇼5상	〃	〃	see off		lexical	U+76F8_U+9001_00
燒燒	烧烧	쇼5쇼1	熱	热	hot; warm		lexical	U+71D2_U+71D2_00
小心	〃	쇼1심1	〃	〃	careful		lexical	U+5C0F_U+5FC3_00
小學	小学	쇼1옿1	〃	小学	primary school; elementary school		lexical	U+5C0F_U+5B78_00
相倚	〃	쇼5와2	相互依靠	〃	mutual; appearance		lexical	U+76F8_U+501A_00
小姐	〃	쇼1쟈2	〃	〃	small		lexical	U+5C0F_U+59D0_00
小船	〃	쇼1준4	〃	〃	small boat		lexical	U+5C0F_U+8239_00
燒酒蝦	烧酒虾	쇼5쥬1헤4	〃	烧酒虾	drunken shrimp		lexical	U+71D2_U+9152_U+8766_00
小可仔	〃	쇼1콰1아2	一點兒	一点儿	a little		lexical	U+5C0F_U+53EF_U+4ED4_00
相伨	〃	쇼5틴5	相挺; 互助	〃	support each other; help one another		lexical	U+76F8_U+4F28_00
相拍	〃	쇼5팧	打架	〃	fight		lexical	U+76F8_U+62CD_00
小雨	〃	쇼1허5	〃	〃	light rain		lexical	U+5C0F_U+96E8_00
小雨傘	小雨伞	쇼1허솰	〃	小雨伞	small umbrella		lexical	U+5C0F_U+96E8_U+5098_00
惜	〃	숗	〃	〃	cherish; pity		lexical	U+60DC_00
惜別	惜别	숗1볟1	〃	惜别	farewell reluctantly		lexical	U+60DC_U+5225_00
思	〃	수1	〃	〃	think; miss		lexical	U+601D_00
輸	输	수1	〃	输	lose; transport		lexical	U+8F38_00
使	〃	수2	〃	〃	use; make		lexical	U+4F7F_01
駛	驶	수2	〃	驶	drive; use		lexical	U+99DB_01
事	〃	수5	〃	〃	matter; thing		lexical	U+4E8B_00
士	〃	수5	〃	〃	scholar; specialist		lexical	U+58EB_00
舒佮	〃	수5갛	舒服	〃	comfortable; stretch; and; with		lexical	U+8212_U+4F6E_00
事到如今	〃	수ᄀᅷ2뚜김1	〃	〃	matter; affair; arrive; reach; as		lexical	U+4E8B_U+5230_U+5982_U+4ECA_00
使然	〃	수1뗸4	〃	〃	caused by; result of		lexical	U+4F7F_U+7136_00
輸入法	输入法	수5띱홛	〃	输入法	enter		lexical	U+8F38_U+5165_U+6CD5_00
輸人	输人	수5랑4	不如人	〃	lose to others; be inferior		lexical	U+8F38_U+4EBA_00
思念	〃	수5럄5	〃	〃	miss; think of		lexical	U+601D_U+5FF5_00
思戀	思恋	수5롼4	〃	思恋	miss; yearn for		lexical	U+601D_U+6200_00
事實	事实	수싣1	〃	事实	matter; affair; real; solid		lexical	U+4E8B_U+5BE6_00
輸贏	输赢	수5얄4	〃	输赢	win or lose; outcome		lexical	U+8F38_U+8D0F_00
需要	〃	수5ᄋᆤ	〃	〃	need		lexical	U+9700_U+8981_00
思考	〃	수5코2	〃	〃	think; consider		lexical	U+601D_U+8003_00
四配	〃	수2풰	相配; 合適	相配; 合适	matching; compatible; suitable		lexical	U+56DB_U+914D_00
四方	〃	수2헝1	〃	〃	four		lexical	U+56DB_U+65B9_00
孫	孙	순1	〃	孙	grandchild		lexical	U+5B6B_00
順	顺	순5	〃	顺	smooth; along		lexical	U+9806_00
孫中山	孙中山	순5뎡5산1	〃	孙中山	Sun Yat-sen		lexical	U+5B6B_U+4E2D_U+5C71_00
順利	顺利	순리5	〃	顺利	smooth; along		lexical	U+9806_U+5229_00
順順	顺顺	순순5	順利地	顺利地	smoothly		lexical	U+9806_U+9806_00
純情	纯情	순졩4	〃	纯情	pure feelings		lexical	U+7D14_U+60C5_00
術	术	숟1	〃	术	art; technique		lexical	U+8853_00
衰	〃	쉐1	〃	〃	decline; unlucky		lexical	U+8870_00
說	说	쉫	〃	说	say; explain		lexical	U+8AAA_00
媠	〃	쉬2	〃	〃	beautiful		lexical	U+5AA0_00
水	〃	쉬2	〃	〃	water		lexical	U+6C34_00
誰	谁	쉬4	〃	谁	who		lexical	U+8AB0_00
隨	随	쉬4	〃	随	follow; according to		lexical	U+96A8_00
雖然	虽然	쉬5뗸4	〃	虽然	so; thus		lexical	U+96D6_U+7136_00
媠媠	〃	쉬1쉬2	漂亮	〃	beautiful		lexical	U+5AA0_U+5AA0_00
隨緣	随缘	쉬옌4	〃	随缘	let fate decide; go with fate		lexical	U+96A8_U+7DE3_00
收	〃	슈1	〃	〃	receive; collect		lexical	U+6536_00
首	〃	슈2	〃	〃	head; first		lexical	U+9996_00
受	〃	슈5	〃	〃	receive; suffer		lexical	U+53D7_00
受罪	〃	슈줴5	〃	〃	suffer; endure hardship		lexical	U+53D7_U+7F6A_00
泅水	〃	슈쥐2	〃	〃	swim		lexical	U+6CC5_U+6C34_00
受氣	受气	슈키	生氣	生气	angry		lexical	U+53D7_U+6C23_00
守護	守护	슈1허5	〃	守护	guard; protect		lexical	U+5B88_U+8B77_00
傷	伤	슐1	〃	伤	hurt; wound		lexical	U+50B7_01
想	〃	슐5	〃	〃	think; want		lexical	U+60F3_01
傷過	伤过	슐5궤	太; 過於	太; 过于	hurt; wound; pass; exceed		lexical	U+50B7_U+904E_00
想欲	〃	슐뼇	想要	〃	want to		lexical	U+60F3_U+6B32_01
想欲	〃	슐뾯	想要	〃	want to		lexical	U+60F3_U+6B32_02
相思	〃	슐5싀1	〃	〃	lovesickness		lexical	U+76F8_U+601D_00
想起	〃	슐키2	〃	〃	remember; think of		lexical	U+60F3_U+8D77_00
酸	〃	승1	〃	〃	sour		lexical	U+9178_00
霜	〃	승1	〃	〃	frost		lexical	U+971C_00
耍	〃	승2	〃	〃	play		lexical	U+800D_00
算	〃	승	〃	〃	calculate; count; consider		lexical	U+7B97_00
酸甜苦澀	酸甜苦涩	승5딜5커1샵	〃	酸甜苦涩	sour, sweet, bitter and astringent; joys and hardships		lexical	U+9178_U+751C_U+82E6_U+6F80_00
算數	算数	승2ᄉᆤ	〃	算数	count		lexical	U+7B97_U+6578_00
霜雪	〃	승5셓	〃	〃	frost and snow		lexical	U+971C_U+96EA_00
序大	〃	싀돠5	長輩	长辈	an elder		lexical	U+5E8F_U+5927_00
序大人	〃	싀돠랑4	長輩	长辈	an elder		lexical	U+5E8F_U+5927_U+4EBA_00
施	〃	시1	〃	〃	carry out; bestow		lexical	U+65BD_00
絲	丝	시1	〃	丝	silk; thread		lexical	U+7D72_00
詩	诗	시1	〃	诗	poem		lexical	U+8A69_00
死	〃	시2	〃	〃	die; dead		lexical	U+6B7B_00
四	〃	시	〃	〃	four		lexical	U+56DB_00
時	时	시4	〃	时	time		lexical	U+6642_00
是	〃	시5	〃	〃	is		lexical	U+662F_00
時間	时间	시간1	〃	时间	time		lexical	U+6642_U+9593_00
四界	〃	시2괴	到處	到处	four		lexical	U+56DB_U+754C_00
時機	时机	시기1	〃	时机	opportunity; timing		lexical	U+6642_U+6A5F_00
時代	时代	시대	〃	时代	time		lexical	U+6642_U+4EE3_00
世人	〃	시2랑4	〃	〃	people of the world		lexical	U+4E16_U+4EBA_00
四百	〃	시2밯	〃	〃	four hundred		lexical	U+56DB_U+767E_00
死死	〃	시1시2	〃	〃	firmly; tightly; resolutely		lexical	U+6B7B_U+6B7B_00
時時刻刻	时时刻刻	시시켹1켹	〃	时时刻刻	time		lexical	U+6642_U+6642_U+523B_U+523B_00
四十	〃	시2잡1	〃	〃	forty		lexical	U+56DB_U+5341_00
時鐘	时钟	시졩1	〃	时钟	clock		lexical	U+6642_U+9418_00
時陣	时阵	시준5	時候	时候	time; occasion		lexical	U+6642_U+9663_00
辭職	辞职	시짇	〃	辞职	resign; words; job; duty		lexical	U+8FAD_U+8077_00
辭頭路	辞头路	시ᄐᅷ러5	辭職	辞职	head; road		lexical	U+8FAD_U+982D_U+8DEF_00
新	〃	신1	〃	〃	new		lexical	U+65B0_00
身	〃	신1	〃	〃	body		lexical	U+8EAB_00
信	〃	신	〃	〃	letter; believe		lexical	U+4FE1_00
神	〃	신4	〃	〃	deity; spirit		lexical	U+795E_00
新加坡	〃	신5가5보1	〃	〃	Singapore		lexical	U+65B0_U+52A0_U+5761_00
新加坡人	〃	신5가5보5랑4	〃	〃	Singaporean person		lexical	U+65B0_U+52A0_U+5761_U+4EBA_00
身懸	身悬	신5괘4	高個子	高个子	tall		lexical	U+8EAB_U+61F8_00
身著	身着	신5뎍1	穿著	〃	wearing		lexical	U+8EAB_U+8457_00
新竹	〃	신5뎩	〃	〃	Hsinchu		lexical	U+65B0_U+7AF9_00
新婦	新妇	신5부5	〃	新妇	bride; daughter-in-law		lexical	U+65B0_U+5A66_00
身邊	身边	신5빌1	〃	身边	beside; around		lexical	U+8EAB_U+908A_00
神明	〃	신뼹4	〃	〃	deity		lexical	U+795E_U+660E_00
新聞	新闻	신5뿐4	〃	新闻	news		lexical	U+65B0_U+805E_00
薪水	〃	신5쉬2	〃	〃	salary		lexical	U+85AA_U+6C34_00
身後	身后	신5ᄋᅷ5	〃	身后	behind; after death		lexical	U+8EAB_U+5F8C_00
辛苦	〃	신5커2	〃	〃	hard; bitter; suffering		lexical	U+8F9B_U+82E6_00
身軀	身躯	신5쿠1	〃	身躯	body		lexical	U+8EAB_U+8EC0_00
神通	〃	신텅1	〃	〃	supernatural power		lexical	U+795E_U+901A_00
身體	身体	신5테2	〃	身体	body		lexical	U+8EAB_U+9AD4_00
實	实	싣1	〃	实	real; solid		lexical	U+5BE6_00
失	〃	싣	〃	〃	lose; mistake		lexical	U+5931_00
失落	〃	싣1롷1	〃	〃	lost; disappointed		lexical	U+5931_U+843D_00
失敗	失败	싣1배	〃	失败	fail		lexical	U+5931_U+6557_00
失望	〃	싣1뻥5	〃	〃	disappointment		lexical	U+5931_U+671B_00
失眠	〃	싣1삔4	〃	〃	insomnia		lexical	U+5931_U+7720_00
失志	〃	싣1지	灰心	〃	lose faith		lexical	U+5931_U+5FD7_00
失去	〃	싣1킈	〃	〃	lose		lexical	U+5931_U+53BB_00
生	〃	실1	〃	〃	life; give birth		lexical	U+751F_01
性命	〃	실2먀5	〃	〃	life; fate		lexical	U+6027_U+547D_01
心	〃	심1	〃	〃	heart; mind		lexical	U+5FC3_00
心狂	〃	심5겅4			mind losing		lexical	U+5FC3_U+72C2_00
心狂火著	心狂火着	심5겅훼1돟1	大發雷霆	大发雷霆	to lose temper and feel rage		lexical	U+5FC3_U+72C2_U+706B_U+8457_00
心肝	〃	심5괄1	〃	〃	heart; darling		lexical	U+5FC3_U+809D_00
心中	〃	심5뎡1	〃	〃	in one's heart		lexical	U+5FC3_U+4E2D_00
心內	心内	심5래5	〃	心内	in one's heart		lexical	U+5FC3_U+5167_00
心理	〃	심5리2	〃	〃	psychology; mentality		lexical	U+5FC3_U+7406_00
什物	〃	심1밓1	什麼	什么	what		lexical	U+4EC0_U+7269_00
心聲	心声	심5샬1	〃	心声	inner voice; heartfelt thoughts		lexical	U+5FC3_U+8072_00
心酸	〃	심5승1	〃	〃	sad; bitter		lexical	U+5FC3_U+9178_00
心安	〃	심5안1	〃	〃	peaceful; at ease		lexical	U+5FC3_U+5B89_00
心愛	心爱	심5애	〃	心爱	beloved		lexical	U+5FC3_U+611B_00
心意	〃	심5이	〃	〃	intention; feeling		lexical	U+5FC3_U+610F_00
心情	〃	심5쟐4	〃	〃	mood; feeling		lexical	U+5FC3_U+60C5_00
心情	〃	심5졩4	〃	〃	mood; feeling		lexical	U+5FC3_U+60C5_01
心頭	心头	심5ᄐᅷ4	〃	心头	heart; mind		lexical	U+5FC3_U+982D_00
心疼	〃	심5턀	〃	〃	love dearly; heartache		lexical	U+5FC3_U+75BC_00
心跳	〃	심5ᄐᆤ	〃	〃	heartbeat		lexical	U+5FC3_U+8DF3_00
審判	审判	심1퐐	〃	审判	judge; examine; decide		lexical	U+5BE9_U+5224_00
心虛	心虚	심5희1	〃	心虚	guilty		lexical	U+5FC3_U+865B_00
阿	〃	아1	〃	〃	prefix used in terms of address, especially endearingly		lexical	U+963F_00
鴉	鸦	아1	〃	鸦	crow		lexical	U+9D09_00
仔	〃	아2	兒; 子	儿; 子	diminutive suffix		lexical	U+4ED4_00
啞	哑	아2	〃	哑	mute; dumb		lexical	U+555E_00
阿公	〃	아5겅1	〃	〃	grandfather		lexical	U+963F_U+516C_00
阿公仔	〃	아5겅5아2	爺爺	爷爷	granddad		lexical	U+963F_U+516C_U+4ED4_00
阿舅	〃	아5구5	舅舅	〃	maternal uncle		lexical	U+963F_U+8205_00
阿妗	〃	아5김5	舅母	〃	prefix for names; aunt		lexical	U+963F_U+5997_00
阿娘	〃	아5냐4	母親	母亲	mother		lexical	U+963F_U+5A18_00
阿媽	阿妈	아5마2	〃	阿妈	grandmother		lexical	U+963F_U+5ABD_00
阿婆	〃	아5보4	〃	〃	grandmother; old woman		lexical	U+963F_U+5A46_00
阿母	〃	아5뿌2	母親	母亲	mother		lexical	U+963F_U+6BCD_00
阿修羅	阿修罗	아5슈5로4	〃	阿修罗	prefix for names; repair; cultivate; net; gather		lexical	U+963F_U+4FEE_U+7F85_00
阿姨	〃	아5이4	〃	〃	aunt		lexical	U+963F_U+59E8_00
阿祖	〃	아5저2	曾祖父母	〃	great-grandparent		lexical	U+963F_U+7956_00
阿叔	〃	아5졕	〃	〃	uncle		lexical	U+963F_U+53D4_00
阿姊	〃	아5지2	〃	〃	older sister		lexical	U+963F_U+59CA_00
鴉片	鸦片	아5폔	〃	鸦片	opium		lexical	U+9D09_U+7247_00
阿兄	〃	아5햘1	哥哥	〃	older brother		lexical	U+963F_U+5144_00
沃	〃	악	〃	〃	water; fertile		lexical	U+6C83_00
沃澹	〃	악1담4	弄濕	弄湿	wet		lexical	U+6C83_U+6FB9_00
安	〃	안1	〃	〃	peace; safe		lexical	U+5B89_00
晏	〃	안	〃	〃	late		lexical	U+664F_00
安寧	安宁	안5롕4	〃	安宁	peaceful; tranquil		lexical	U+5B89_U+5BE7_00
安心	〃	안5심1	〃	〃	feel at ease		lexical	U+5B89_U+5FC3_00
安慰	〃	안5위5	〃	〃	peace; safe		lexical	U+5B89_U+6170_00
按怎	〃	안1좔2	怎麼	怎么	press; according to; how		lexical	U+6309_U+600E_00
按怎樣	按怎样	안1좔1율5	怎麼樣	怎么样	press; according to; how; appearance; manner		lexical	U+6309_U+600E_U+6A23_00
安溪	〃	안5쾨1	〃	〃	Anxi		lexical	U+5B89_U+6EAA_00
揞腰	〃	알2요1	彎腰	弯腰	stoop; bend over; bow slightly		lexical	U+63DE_U+8170_00
暗	〃	암	〃	〃	dark		lexical	U+6697_00
頷頸	颔颈	암군2	頸項	颈项	neck		lexical	U+9837_U+9838_00
暗暝	〃	암2메4	晚上	〃	night		lexical	U+6697_U+669D_00
暗暝	〃	암2미4	晚上	〃	night		lexical	U+6697_U+669D_01
暗趖趖	〃	암2소소4	漆黑	〃	very dark		lexical	U+6697_U+8D96_U+8D96_00
暗時	暗时	암2시4	晚上	〃	nighttime		lexical	U+6697_U+6642_00
暗安	〃	암2안1	晚安	〃	good night		lexical	U+6697_U+5B89_00
暗崁	〃	암2캄	藏; 隱藏	藏; 隐藏	conceal; hide away		lexical	U+6697_U+5D01_00
翁	〃	앙1	〃	〃	old man; father-in-law		lexical	U+7FC1_00
紅	红	앙4	〃	红	red		lexical	U+7D05_00
紅龜粿	红龟粿	앙구5궤2	〃	红龟粿	Ang ku kueh; red tortoise cake		lexical	U+7D05_U+9F9C_U+7CBF_00
紅豆	红豆	앙ᄃᅷ5	〃	红豆	red bean; azuki bean		lexical	U+7D05_U+8C46_00
紅豆湯	红豆汤	앙ᄃᅷ틍1	〃	红豆汤	red bean soup		lexical	U+7D05_U+8C46_U+6E6F_00
紅茶	红茶	앙데4	〃	红茶	black tea		lexical	U+7D05_U+8336_00
紅登記	红登记	앙뎽5기	新加坡公民身份證	新加坡公民身份证	National Registration Identity Card (NRIC) (Singapore Citizen)		lexical	U+7D05_U+767B_U+8A18_00
紅毛	红毛	앙머4	〃	红毛	Western; Caucasian		lexical	U+7D05_U+6BDB_00
紅毛橋	红毛桥	앙머교4	〃	红毛桥	Ang Mo Kio		lexical	U+7D05_U+6BDB_U+6A4B_00
紅毛人	红毛人	앙머랑4	〃	红毛人	Westerner; Caucasian		lexical	U+7D05_U+6BDB_U+4EBA_00
紅毛話	红毛话	앙머웨5	英語	英语	Caucasian speech; English		lexical	U+7D05_U+6BDB_U+8A71_00
翁婿	〃	앙5새	丈夫	〃	husband		lexical	U+7FC1_U+5A7F_00
紅色	红色	앙셱	〃	红色	red colour		lexical	U+7D05_U+8272_00
紅山	红山	앙솰1	〃	红山	Bukit Merah		lexical	U+7D05_U+5C71_00
紅燒	红烧	앙쇼1	〃	红烧	braised in soy sauce		lexical	U+7D05_U+71D2_00
紅蟳	红𫊻	앙짐4	〃	红𫊻	Scylla serrata; mud crab; mangrove crab		lexical	U+7D05_U+87F3_00
紅花	红花	앙훼1	〃	红花	red flower		lexical	U+7D05_U+82B1_00
鴨	鸭	앟	〃	鸭	duck		lexical	U+9D28_00
鴨肉	鸭肉	앟1빻	〃	鸭肉	duck meat		lexical	U+9D28_U+8089_00
後	后	ᄋᅷ5	〃	后	after; behind		lexical	U+5F8C_00
後港	后港	ᄋᅷ강2	〃	后港	Hougang (Aukang)		lexical	U+5F8C_U+6E2F_00
後禮拜	后礼拜	ᄋᅷ레1배	下星期	〃	next week		lexical	U+5F8C_U+79AE_U+62DC_00
後擺	后摆	ᄋᅷ배2	下次; 以後	下次; 以后	next time; later		lexical	U+5F8C_U+64FA_00
後壁	后壁	ᄋᅷ뱧	後面	后面	after; behind		lexical	U+5F8C_U+58C1_00
後尾	后尾	ᄋᅷ붸2	後面; 以後	后面; 以后	behind; later		lexical	U+5F8C_U+5C3E_00
後世人	后世人	ᄋᅷ시2랑4	〃	后世人	future generations; descendants		lexical	U+5F8C_U+4E16_U+4EBA_00
愛	爱	애	〃	爱	love		lexical	U+611B_00
愛人	爱人	애2띤4	〃	爱人	lover; spouse		lexical	U+611B_U+4EBA_00
哀怨	〃	애5완5	〃	〃	resent; complain		lexical	U+54C0_U+6028_00
愛情	爱情	애2졩4	〃	爱情	love; romance		lexical	U+611B_U+60C5_00
野	〃	야2	〃	〃	wild; field		lexical	U+91CE_00
夜	〃	야5	〃	〃	night		lexical	U+591C_00
夜都市	〃	야더치5	〃	〃	night city		lexical	U+591C_U+90FD_U+5E02_00
野鳥	野鸟	야1ᄌᆤ2	〃	野鸟	bird		lexical	U+91CE_U+9CE5_00
夜叉	〃	야체1	〃	〃	night		lexical	U+591C_U+53C9_00
夜市	〃	야치5	〃	〃	night market		lexical	U+591C_U+5E02_00
夜快車	夜快车	야쾌2챠1	〃	夜快车	night express train		lexical	U+591C_U+5FEB_U+8ECA_00
影	〃	얄2	〃	〃	shadow; image		lexical	U+5F71_00
贏	赢	얄4	〃	赢	win		lexical	U+8D0F_00
贏筊	赢筊	얄ᄀᆤ2	賭贏	赌赢	win; divination blocks		lexical	U+8D0F_U+7B4A_00
影片	〃	얄1필	〃	〃	video; film		lexical	U+5F71_U+7247_00
鹽	盐	얌4	〃	盐	salt		lexical	U+9E7D_00
炎	〃	얌5	〃	〃	flame; inflammation		lexical	U+708E_00
猶	犹	얗1	〃	犹	still; yet		lexical	U+7336_00
猶未	犹未	얗1쀄5	還沒	还没	not yet		lexical	U+7336_U+672A_00
要	〃	ᄋᆤ	〃	〃	important; want		lexical	U+8981_00
枵鬼	〃	ᄋᆤ5귀2	餓鬼	饿鬼	hungry person; glutton		lexical	U+67B5_U+9B3C_00
要求	〃	ᄋᆤ5규4	〃	〃	request; demand		lexical	U+8981_U+6C42_00
要緊	要紧	ᄋᆤ2긴2	〃	要紧	important; urgent		lexical	U+8981_U+7DCA_00
妖孽	〃	ᄋᆤ5꼗1	〃	〃	demon; strange; evil; sin		lexical	U+5996_U+5B7D_00
夭壽	夭寿	ᄋᆤ1슈5	〃	夭寿	die young; tender; longevity		lexical	U+592D_U+58FD_00
烏	乌	어1	〃	乌	black		lexical	U+70CF_00
挖	〃	어2	〃	〃	dig		lexical	U+6316_00
湖	〃	어4	〃	〃	lake		lexical	U+6E56_00
胡	〃	어4	〃	〃	Hu; foreign		lexical	U+80E1_00
芋	〃	어5	〃	〃	taro		lexical	U+828B_00
烏龍	乌龙	어5령4	〃	乌龙	oolong		lexical	U+70CF_U+9F8D_00
烏龍茶	乌龙茶	어5령데4	〃	乌龙茶	oolong tea		lexical	U+70CF_U+9F8D_U+8336_00
烏白	乌白	어5벻1	胡亂	胡乱	wrongly; randomly		lexical	U+70CF_U+767D_00
烏白講	乌白讲	어5벻겅2	胡說	胡说	talk nonsense		lexical	U+70CF_U+767D_U+8B1B_00
烏白無常	乌白无常	어5벻뿌셩4	黑白無常	黑白无常	Black and White Impermanence (underworld deities)		lexical	U+70CF_U+767D_U+7121_U+5E38_00
烏紗	乌纱	어5세1	〃	乌纱	official's hat; official position (figurative)		lexical	U+70CF_U+7D17_00
烏色	乌色	어5셱1	黑色	〃	black		lexical	U+70CF_U+8272_00
烏鴉	乌鸦	어5아1	〃	乌鸦	black		lexical	U+70CF_U+9D09_00
烏暗	乌暗	어5암	黑暗	〃	dark		lexical	U+70CF_U+6697_00
烏烏	乌乌	어5어1	黑	〃	black		lexical	U+70CF_U+70CF_00
烏陰	乌阴	어5임1	陰暗	阴暗	dark; gloomy		lexical	U+70CF_U+9670_00
湖水	〃	어쥐2	〃	〃	water		lexical	U+6E56_U+6C34_00
湖水面	〃	어쥐1삔5	〃	〃	water; face; surface		lexical	U+6E56_U+6C34_U+9762_00
惡鬼	恶鬼	억1귀2	〃	恶鬼	ghost		lexical	U+60E1_U+9B3C_00
往	〃	엉2	〃	〃	toward; past		lexical	U+5F80_00
王	〃	엉4	〃	〃	king; Wang		lexical	U+738B_00
往事	〃	엉1수5	〃	〃	past events		lexical	U+5F80_U+4E8B_00
往往	〃	엉1엉2	〃	〃	often		lexical	U+5F80_U+5F80_00
王子	〃	엉주2	〃	〃	prince		lexical	U+738B_U+5B50_00
王后	〃	엉허5	〃	〃	queen		lexical	U+738B_U+540E_00
个	〃	에4	個	个	individual; classifier		lexical	U+4E2A_00
下	〃	에5	〃	〃	below; under; next		lexical	U+4E0B_00
下	〃	에5	〃	〃	below; under; next		lexical	U+4E0B_01
挨	〃	에5	〃	〃	endure; next to		lexical	U+6328_00
廈門	厦门	에믕4	〃	厦门	Xiamen (Amoy)		lexical	U+5EC8_U+9580_00
下晡	〃	에버1	下午	〃	below; under		lexical	U+4E0B_U+6661_00
下昏	〃	에흥1	傍晚	〃	dusk; evening		lexical	U+4E0B_U+660F_00
約束	约束	역1석	〃	约束	agreement; about; bind; bundle		lexical	U+7D04_U+675F_00
約會	约会	역1훼5	〃	约会	date; meeting		lexical	U+7D04_U+6703_00
楊	杨	열4	〃	杨	willow; surname		lexical	U+694A_00
勇	〃	영2	〃	〃	brave		lexical	U+52C7_00
用	〃	영5	〃	〃	use		lexical	U+7528_00
勇敢	〃	영1감2	〃	〃	brave		lexical	U+52C7_U+6562_00
勇健	〃	영1걀5	健壯	健壮	brave		lexical	U+52C7_U+5065_00
用心	〃	영심1	〃	〃	to be mindful		lexical	U+7528_U+5FC3_00
勇氣	勇气	영1키	〃	勇气	courage		lexical	U+52C7_U+6C23_00
延	〃	옌4	〃	〃	extend; delay		lexical	U+5EF6_00
緣	缘	옌4	〃	缘	fate; connection		lexical	U+7DE3_00
緣投	缘投	옌ᄃᅷ4	英俊	〃	handsome		lexical	U+7DE3_U+6295_00
延平	〃	옌볭4	〃	〃	flat; ordinary		lexical	U+5EF6_U+5E73_00
延平王	〃	옌볭엉4	〃	〃	flat; ordinary; king		lexical	U+5EF6_U+5E73_U+738B_00
鉛筆	铅笔	옌빋	〃	铅笔	lead; pencil; pen; brush		lexical	U+925B_U+7B46_00
胭脂水粉	〃	옌5지5쥐1훈2	〃	〃	water; flour; powder		lexical	U+80ED_U+8102_U+6C34_U+7C89_00
緣份	缘份	옌훈5	〃	缘份	fate; connection		lexical	U+7DE3_U+4EFD_00
湧	涌	옝2	〃	涌	surge; well up		lexical	U+6E67_00
用	〃	옝5	〃	〃	use		lexical	U+7528_01
應該	应该	옝5개1	〃	应该	should; respond; owe		lexical	U+61C9_U+8A72_00
英國	英国	옝5걱	〃	英国	United Kingdom; Britain		lexical	U+82F1_U+570B_00
英語	英语	옝5꾸2	〃	英语	language		lexical	U+82F1_U+8A9E_00
英文	〃	옝5뿐4	〃	〃	writing; literature		lexical	U+82F1_U+6587_00
下昏暗	〃	옝5암	傍晚	〃	dusk; evening		lexical	U+4E0B_U+660F_U+6697_00
永遠	永远	옝1완2	〃	永远	forever		lexical	U+6C38_U+9060_00
永春	〃	옝1춘1	〃	〃	Yongchun		lexical	U+6C38_U+6625_00
蚵	〃	오4	〃	〃	oyster		lexical	U+86B5_00
婀娜	〃	오5너2	〃	〃	graceful		lexical	U+5A40_U+5A1C_00
蚵仔	〃	오아2	牡蠣	牡蛎	diminutive suffix		lexical	U+86B5_U+4ED4_00
蚵仔煎	〃	오아1졘1	〃	〃	oyster omelette		lexical	U+86B5_U+4ED4_U+714E_00
學	学	옿1	〃	学	study; learn		lexical	U+5B78_00
學堂	学堂	옿등4	〃	学堂	school		lexical	U+5B78_U+5802_00
怨	〃	완	〃	〃	resent; complain		lexical	U+6028_00
完	〃	완4	〃	〃	complete; finish		lexical	U+5B8C_00
冤家	〃	완5게1	吵架; 爭吵	吵架; 争吵	quarrel; argue; bicker		lexical	U+51A4_U+5BB6_00
怨命	〃	완2먀5	怨命運	怨命运	resent life		lexical	U+6028_U+547D_00
完成	〃	완솅4	〃	〃	complete; finish		lexical	U+5B8C_U+6210_00
冤仇	〃	완5슈4	〃	〃	wronged; injustice; enemy; hatred		lexical	U+51A4_U+4EC7_00
怨尤	〃	완2유4	〃	〃	resent; complain		lexical	U+6028_U+5C24_00
完全	〃	완좐4	〃	〃	completely		lexical	U+5B8C_U+5168_00
怨氣	怨气	완2키	〃	怨气	resentment		lexical	U+6028_U+6C23_00
怨嘆	怨叹	완2탄	嘆息; 埋怨	叹息; 埋怨	to sigh; to lament		lexical	U+6028_U+5606_00
雲吞	云吞	완탄1	〃	云吞	wonton		lexical	U+96F2_U+541E_00
雲吞麵	云吞面	완탄5미5	〃	云吞面	wonton noodles		lexical	U+96F2_U+541E_U+9EB5_00
怨天	〃	완2틸1	〃	〃	resent		lexical	U+6028_U+5929_00
怨恨	〃	완2훈5	〃	〃	resentment; hatred		lexical	U+6028_U+6068_00
斡	〃	왇1	〃	〃	turn; manage		lexical	U+65A1_00
越南	〃	왇람4	〃	〃	Vietnam		lexical	U+8D8A_U+5357_00
越南人	〃	왇람랑4	〃	〃	Vietnamese person		lexical	U+8D8A_U+5357_U+4EBA_00
斡頭	斡头	왇ᄐᅷ4	回頭	回头	head		lexical	U+65A1_U+982D_00
斡頭行	斡头行	왇ᄐᅷ걀4	轉身走	转身走	turn around and walk		lexical	U+65A1_U+982D_U+884C_00
斡頭走	斡头走	왇ᄐᅷᄌᅷ2	轉身跑; 轉身離開	转身跑; 转身离开	head; run; leave		lexical	U+65A1_U+982D_U+8D70_00
碗	〃	왈2	〃	〃	bowl		lexical	U+7897_00
晏	〃	왈	〃	〃	late		lexical	U+664F_01
換	换	왈5	〃	换	change; exchange		lexical	U+63DB_00
晏到	〃	왈2ᄀᅷ	遲到	迟到	arrive late		lexical	U+664F_U+5230_00
碗粿	〃	왈1궤2	〃	〃	bowl rice cake; wa kueh		lexical	U+7897_U+7CBF_00
活	〃	왛1	〃	〃	live; alive		lexical	U+6D3B_00
活動	活动	왛당5	〃	活动	activity; move		lexical	U+6D3B_U+52D5_00
矮	〃	외2	〃	〃	short		lexical	U+77EE_00
鞋	〃	외4	〃	〃	shoe		lexical	U+978B_00
腰懸	腰悬	요5괠4	高個子	高个子	tall		lexical	U+8170_U+61F8_00
藥	药	욯1	〃	药	medicine		lexical	U+85E5_00
臆	〃	욯	〃	〃	chest; guess		lexical	U+81C6_00
譽	誉	우5	〃	誉	praise; reputation		lexical	U+8B7D_00
宇宙	〃	우1듀5	〃	〃	universe; house; time		lexical	U+5B87_U+5B99_00
우時	우时	우시4	有時候	有时候	sometimes		lexical	U+C6B0_U+6642_00
우影	〃	우얄2	是真的	〃	real; tangible		lexical	U+C6B0_U+5F71_00
우影’뽀ˊ	〃	우얄2’뽀4	是真的嗎	是真的吗	is it for real		lexical	U+C6B0_U+5F71_U+2019_U+BF40_00
恩	〃	운1	〃	〃	kindness; grace		lexical	U+6069_00
溫	温	운2	〃	温	warm; gentle		lexical	U+6EAB_00
穩	稳	운2	〃	稳	stable		lexical	U+7A69_00
運	运	운5	〃	运	luck; transport		lexical	U+904B_00
隱痀橋	隐痀桥	운1구5교4	拱橋	拱桥	arched bridge		lexical	U+96B1_U+75C0_U+6A4B_00
運途	运途	운더4	運氣	运气	luck; transport		lexical	U+904B_U+9014_00
運動	运动	운덩5	〃	运动	exercise; sport		lexical	U+904B_U+52D5_00
溫柔	温柔	운5뜌4	〃	温柔	warm; gentle; soft		lexical	U+6EAB_U+67D4_00
溫暖	温暖	운5롼2	〃	温暖	warm		lexical	U+6EAB_U+6696_00
運命	运命	운먀5	命運	命运	fate; destiny		lexical	U+904B_U+547D_00
溫文爾雅	温文尔雅	운5뿐니1ᅙᅡ2	〃	温文尔雅	writing; literature		lexical	U+6EAB_U+6587_U+723E_U+96C5_00
恩愛	恩爱	운5애	〃	恩爱	love; want		lexical	U+6069_U+611B_00
溫存	温存	운1준4	〃	温存	gentle; affectionate		lexical	U+6EAB_U+5B58_00
鬱卒	郁卒	욷1줃	鬱悶	郁闷	depressed; frustrated		lexical	U+9B31_U+5352_00
話	话	웨5	〃	话	speech; words		lexical	U+8A71_00
劃	划	윃1	〃	划	mark; plan		lexical	U+5283_00
位	〃	위5	〃	〃	place; position		lexical	U+4F4D_00
為	为	위5	〃	为	for; because of		lexical	U+70BA_00
偉大	伟大	위1대5	〃	伟大	big; great		lexical	U+5049_U+5927_00
為啥物	为啥物	위샬1밓1	為什麼	为什么	why		lexical	U+70BA_U+5565_U+7269_00
為什物	为什物	위심1밓1	為什麼	为什么	why		lexical	U+70BA_U+4EC0_U+7269_00
唯一	〃	위읻	〃	〃	the only		lexical	U+552F_U+4E00_00
為怎樣	为怎样	위좔1율5	為什麼	为什么	for; because of		lexical	U+70BA_U+600E_U+6A23_00
為止	为止	위지2	〃	为止	for; because of		lexical	U+70BA_U+6B62_00
委屈	〃	위1쿧	〃	〃	entrust; bend; wrong		lexical	U+59D4_U+5C48_00
遺憾	遗憾	위함5	〃	遗憾	leave behind; regret		lexical	U+907A_U+61BE_00
為何	为何	위호4	〃	为何	why		lexical	U+70BA_U+4F55_00
憂	忧	유1	〃	忧	worry; sorrow		lexical	U+6182_00
友	〃	유2	〃	〃	friend		lexical	U+53CB_00
油	〃	유4	〃	〃	oil		lexical	U+6CB9_00
佑	〃	유5	〃	〃	protect; bless		lexical	U+4F51_00
又	〃	유5	〃	〃	again; also		lexical	U+53C8_00
祐	〃	유5	〃	〃	bless; protect		lexical	U+7950_00
油垢	〃	유ᄀᅷ	〃	〃	greasy dirt		lexical	U+6CB9_U+57A2_00
油垢垢	〃	유ᄀᅷ2ᄀᅷ	〃	〃	very greasy		lexical	U+6CB9_U+57A2_U+57A2_00
油垢味	〃	유ᄀᅷ2삐5	〃	〃	greasy taste		lexical	U+6CB9_U+57A2_U+5473_00
猶原	犹原	유5꽌4	仍然	〃	still; as if; original; source		lexical	U+7336_U+539F_00
幼稚	〃	유2디5	〃	〃	young; childish		lexical	U+5E7C_U+7A1A_00
油池	〃	유디4	〃	〃	Yew Tee		lexical	U+6CB9_U+6C60_00
尤人	〃	유띤4	〃	〃	resent		lexical	U+5C24_U+4EBA_00
油門	油门	유믕4	〃	油门	throttle; accelerator		lexical	U+6CB9_U+9580_00
幼麵	幼面	유2미5	細麵	细面	thin noodles		lexical	U+5E7C_U+9EB5_00
憂傷	忧伤	유5셩1	〃	忧伤	sorrowful		lexical	U+6182_U+50B7_00
有情	〃	유1졩4	〃	〃	have; feeling; affection		lexical	U+6709_U+60C5_00
有情眾生	有情众生	유1졩졍2솅1	〃	有情众生	sentient beings (Buddhism)		lexical	U+6709_U+60C5_U+773E_U+751F_00
憂愁	忧愁	유5츄4	〃	忧愁	worry; sorrow		lexical	U+6182_U+6101_00
有孝	〃	유1ᄒᅷ	孝順	孝顺	filial		lexical	U+6709_U+5B5D_00
楊	杨	율4	〃	杨	willow; surname		lexical	U+694A_01
洋	〃	율4	〃	〃	ocean; foreign		lexical	U+6D0B_00
羊	〃	율4	〃	〃	goat; sheep		lexical	U+7F8A_00
음著	음着	음둏1	不對	不对	not right; wrong		lexical	U+C74C_U+8457_00
黃	黄	응4	〃	黄	yellow; Huang		lexical	U+9EC3_00
向望	〃	응2빵5	希望	〃	hope; look forward to		lexical	U+5411_U+671B_00
黃色	黄色	응셱	〃	黄色	yellow colour		lexical	U+9EC3_U+8272_00
醫	医	이1	〃	医	medicine; doctor		lexical	U+91AB_00
已	〃	이2	〃	〃	already		lexical	U+5DF2_00
意	〃	이	〃	〃	meaning; intention		lexical	U+610F_00
姨	〃	이4	〃	〃	aunt		lexical	U+59E8_00
意見	意见	이2곈	〃	意见	opinion		lexical	U+610F_U+898B_00
已經	已经	이1곙1	〃	已经	already		lexical	U+5DF2_U+7D93_00
意外	〃	이2꽈5	〃	〃	accident; unexpected		lexical	U+610F_U+5916_00
意義	意义	이2끼5	〃	意义	meaning; significance		lexical	U+610F_U+7FA9_00
椅條	椅条	이1ᄅᆤ4	長椅	长椅	chair		lexical	U+6905_U+689D_00
意思	〃	이2수	〃	〃	meaning; idea		lexical	U+610F_U+601D_00
以後	以后	이1ᄋᅷ5	〃	以后	after; behind		lexical	U+4EE5_U+5F8C_00
意愛	意爱	이2애	愛意	爱意	romantic intention		lexical	U+610F_U+611B_00
依倚	〃	이5와2	〃	〃	rely on; lean on		lexical	U+4F9D_U+501A_00
異鄉	异乡	이형1	〃	异乡	different; strange; hometown; countryside		lexical	U+7570_U+9109_00
引	〃	인2	〃	〃	lead; pull		lexical	U+5F15_00
應	应	인	〃	应	should; respond		lexical	U+61C9_00
印度	〃	인2더5	〃	〃	India		lexical	U+5370_U+5EA6_00
印度人	〃	인2더랑4	〃	〃	Indian person		lexical	U+5370_U+5EA6_U+4EBA_00
因為	因为	인5위5	〃	因为	because		lexical	U+56E0_U+70BA_00
一	〃	읻	〃	〃	one		lexical	U+4E00_00
一等	〃	읻1뎽2	〃	〃	first-class		lexical	U+4E00_U+7B49_00
一定	〃	읻1뎽5	〃	〃	certainly; definitely		lexical	U+4E00_U+5B9A_00
一直	〃	읻1딛1	〃	〃	always; straight		lexical	U+4E00_U+76F4_00
一般	〃	읻1봘1	〃	〃	normal; ordinary		lexical	U+4E00_U+822C_00
一生	〃	읻1솅1	〃	〃	whole life		lexical	U+4E00_U+751F_00
一切	〃	읻1체	〃	〃	everything		lexical	U+4E00_U+5207_00
圓	圆	일4	〃	圆	round; complete		lexical	U+5713_00
陰	阴	임1	〃	阴	yin; cloudy; hidden		lexical	U+9670_00
音	〃	임1	〃	〃	sound		lexical	U+97F3_00
音樂	音乐	임5깍1	〃	音乐	music		lexical	U+97F3_U+6A02_00
陰風	阴风	임5헝1	〃	阴风	sinister wind; cold wind		lexical	U+9670_U+98A8_00
早	〃	자2	〃	〃	early		lexical	U+65E9_00
早頓	早顿	자1등	早餐	〃	early; morning		lexical	U+65E9_U+9813_00
昨暗	〃	자5암	昨晚	〃	dark		lexical	U+6628_U+6697_00
早起	〃	자1키2	〃	〃	morning; get up early		lexical	U+65E9_U+8D77_00
昨昏	〃	자5흥1	昨晚	〃	yesterday evening		lexical	U+6628_U+660F_00
曾	〃	잔1	〃	〃	once; Zeng		lexical	U+66FE_00
讚	赞	잔	〃	赞	praise		lexical	U+8B9A_00
層	层	잔4	〃	层	layer; floor		lexical	U+5C64_00
殘忍	残忍	잔띰2	〃	残忍	cruel		lexical	U+6B98_U+5FCD_00
節	节	잗	〃	节	festival; section		lexical	U+7BC0_00
站	〃	잠5	〃	〃	station; stand		lexical	U+7AD9_00
十	〃	잡1	〃	〃	ten		lexical	U+5341_00
十五	〃	잡꺼5	〃	〃	fifteen		lexical	U+5341_U+4E94_00
十年	〃	잡니4	〃	〃	ten years		lexical	U+5341_U+5E74_00
十殿閻君	十殿阎君	잡뎬꺔군1	〃	十殿阎君	ten; lord; ruler		lexical	U+5341_U+6BBF_U+95BB_U+541B_00
十萬	十万	잡빤5	〃	十万	one hundred thousand		lexical	U+5341_U+842C_00
十箍	〃	잡커1	十元	〃	ten dollars		lexical	U+5341_U+7B8D_00
粽	〃	장	〃	〃	rice dumpling		lexical	U+7CBD_00
走	〃	ᄌᅷ2	〃	〃	run; go		lexical	U+8D70_00
走揣	〃	ᄌᅷ1췌5	四處尋找	四处寻找	search everywhere; go looking for		lexical	U+8D70_U+63E3_00
灶跤	〃	ᄌᅷ2카1	廚房	厨房	stove; foot		lexical	U+7076_U+8DE4_00
走去	〃	ᄌᅷ1킈	跑去	〃	run over to; run to		lexical	U+8D70_U+53BB_00
知	〃	재1	〃	〃	know		lexical	U+77E5_00
再	〃	재	〃	〃	again		lexical	U+518D_00
在	〃	재5	〃	〃	exist; at		lexical	U+5728_00
再見	再见	재2곈	〃	再见	see		lexical	U+518D_U+898B_00
栽培	〃	재5붸4	〃	〃	plant; cultivate; foster		lexical	U+683D_U+57F9_00
在世	〃	재세	〃	〃	to be in this world		lexical	U+5728_U+4E16_00
在室	〃	재셱	處女; 處男	处女; 处男	virgin		lexical	U+5728_U+5BA4_00
知影	〃	재5얄2	知道	〃	know		lexical	U+77E5_U+5F71_00
再會	再会	재2훼5	〃	再会	meet again		lexical	U+518D_U+6703_00
謝	谢	쟈5	〃	谢	thank; apologize		lexical	U+8B1D_01
䭕	〃	쟐2	淡; 沒味道	淡; 没味道	bland		lexical	U+4B55_00
正	〃	쟐	〃	〃	correct; proper		lexical	U+6B63_00
情	〃	쟐4	〃	〃	feeling; affection		lexical	U+60C5_00
誠	诚	쟐4	〃	诚	sincere; honest		lexical	U+8AA0_00
正手	〃	쟐2츄2	右手	〃	right hand		lexical	U+6B63_U+624B_00
誠好	诚好	쟐호2	很好	〃	good		lexical	U+8AA0_U+597D_00
尖	〃	쟘1	〃	〃	sharp; pointed		lexical	U+5C16_00
暫時	暂时	쟘시4	〃	暂时	time		lexical	U+66AB_U+6642_00
漸漸	渐渐	쟘쟘5	〃	渐渐	gradually		lexical	U+6F38_U+6F38_00
尖頭	尖头	쟘5ᄐᅷ4	〃	尖头	pointed head		lexical	U+5C16_U+982D_00
尖頭또디ˆ	尖头또디ˆ	쟘5ᄐᅷ또디1	法棍	〃	baguette		lexical	U+5C16_U+982D_U+B610_U+B514_00
接	〃	쟙	〃	〃	receive; connect		lexical	U+63A5_00
接受	〃	쟙1슈5	〃	〃	accept; receive		lexical	U+63A5_U+53D7_00
漳州	〃	쟝5쥬1	〃	〃	Zhangzhou		lexical	U+6F33_U+5DDE_00
食	〃	쟣1	吃	〃	eat		lexical	U+98DF_00
才	〃	쟣	〃	〃	only; merely; only then		lexical	U+624D_00
遮	〃	쟣	這麼	这么	this much; so		lexical	U+906E_00
隻	只	쟣	〃	只	single; classifier		lexical	U+96BB_00
遮邇	遮迩	쟣1니5	這麼	这么	this much; to this extent		lexical	U+906E_U+9087_00
食力	〃	쟣랃1	糟了; 吃力	〃	strenuous; exhausting; in trouble (colloquial)		lexical	U+98DF_U+529B_00
食麵	食面	쟣미5	吃麵	吃面	eat noodles		lexical	U+98DF_U+9EB5_00
食飽	食饱	쟣바2	吃飽	吃饱	eat until full		lexical	U+98DF_U+98FD_00
食飽’ᄅᆤˋ	食饱’ᄅᆤˋ	쟣바2’ᄅᆤ2	吃飽了	吃饱了	eat until full; satiated		lexical	U+98DF_U+98FD_U+2019_U+1105_U+11A4_00
食飽’쀄	食饱’쀄	쟣바2’쀄	吃飽了嗎	吃饱了吗	are (you) full? (used as a greeting)		lexical	U+98DF_U+98FD_U+2019_U+C004_00
食飯	食饭	쟣븡5	吃飯	吃饭	eat; have a meal		lexical	U+98DF_U+98EF_00
食屎	〃	쟣새2	吃屎	〃	eat shit		lexical	U+98DF_U+5C4E_00
食醋	〃	쟣처	吃醋	〃	be jealous		lexical	U+98DF_U+918B_00
食風	食风	쟣헝1	休閒; 兜風	休闲; 兜风	relax; take a vacation		lexical	U+98DF_U+98A8_00
鳥	鸟	ᄌᆤ2	〃	鸟	bird		lexical	U+9CE5_00
照	〃	ᄌᆤ	〃	〃	according to		lexical	U+7167_00
照顧	照顾	ᄌᆤ2거	〃	照顾	look after; care for		lexical	U+7167_U+9867_00
照講	照讲	ᄌᆤ2겅2	照實說	照实说	to say as it is		lexical	U+7167_U+8B1B_00
照步行	〃	ᄌᆤ2버걀4	按步行走	〃	according to; shine; step; walk; go		lexical	U+7167_U+6B65_U+884C_00
鳥仔	鸟仔	ᄌᆤ1아2	小鳥	小鸟	little bird		lexical	U+9CE5_U+4ED4_00
照起工	〃	ᄌᆤ2키1강1	照常	〃	as usual; according to work		lexical	U+7167_U+8D77_U+5DE5_00
祖	〃	저2	〃	〃	ancestor		lexical	U+7956_00
阻礙	阻碍	저1깨5	〃	阻碍	block; hinder; obstruct		lexical	U+963B_U+7919_00
助陣	助阵	저딘5	〃	助阵	period; formation		lexical	U+52A9_U+9663_00
祖傳	祖传	저1퇀4	〃	祖传	ancestor		lexical	U+7956_U+50B3_00
蹤	踪	정1	〃	踪	trace; track		lexical	U+8E64_00
總	总	정2	〃	总	total; general; always		lexical	U+7E3D_00
總督	总督	정1덕	〃	总督	governor-general		lexical	U+7E3D_U+7763_00
總統	总统	정1텅2	〃	总统	president		lexical	U+7E3D_U+7D71_00
災	灾	제1	〃	灾	disaster		lexical	U+707D_00
齋	斋	제1	〃	斋	vegetarian; fast		lexical	U+9F4B_00
債	债	제	〃	债	debt		lexical	U+50B5_00
祭	〃	제	〃	〃	worship; sacrifice		lexical	U+796D_00
製	制	제	〃	制	make; manufacture		lexical	U+88FD_00
際	际	제	〃	际	occasion; border		lexical	U+969B_00
坐	〃	제5	〃	〃	sit		lexical	U+5750_00
製造	制造	제2조5	〃	制造	make; manufacture		lexical	U+88FD_U+9020_00
祝	〃	젹	〃	〃	wish; bless		lexical	U+795D_00
足	〃	젹	〃	〃	enough; foot		lexical	U+8DB3_00
足芳	〃	젹1팡1	很香	〃	very fragrant		lexical	U+8DB3_U+82B3_00
祝福	〃	젹1헉	〃	〃	blessing; bless		lexical	U+795D_U+798F_00
將	将	졍1	〃	将	will; general		lexical	U+5C07_00
章	〃	졍1	〃	〃	chapter; seal		lexical	U+7AE0_00
種	种	졍2	〃	种	kind; type; seed		lexical	U+7A2E_00
從	从	졍4	〃	从	from; follow		lexical	U+5F9E_00
終歸	终归	졍5귀1	〃	终归	end; finally; return; belong to		lexical	U+7D42_U+6B78_00
終點	终点	졍5댬2	〃	终点	point; dot		lexical	U+7D42_U+9EDE_00
將來	将来	졍5래4	〃	将来	come		lexical	U+5C07_U+4F86_00
眾生	众生	졍2솅1	〃	众生	life; give birth		lexical	U+773E_U+751F_00
眾神	众神	졍2신4	〃	众神	deity; spirit		lexical	U+773E_U+795E_00
彰化	〃	졍5화	〃	〃	Changhua		lexical	U+5F70_U+5316_00
章法	〃	졍5홛	〃	〃	method; order		lexical	U+7AE0_U+6CD5_00
叔	〃	졕	〃	〃	uncle		lexical	U+53D4_00
煎	〃	졘1	〃	〃	fry		lexical	U+714E_00
前	〃	졘4	〃	〃	before; front		lexical	U+524D_00
前程	〃	졘뎽4	〃	〃	before; front		lexical	U+524D_U+7A0B_00
前進	前进	졘진	〃	前进	before; front		lexical	U+524D_U+9032_00
折磨	〃	졛1뽜4	〃	〃	break; fold; grind; torment		lexical	U+6298_U+78E8_00
鐘	钟	졩1	〃	钟	clock; bell		lexical	U+9418_00
正	〃	졩	〃	〃	correct; proper		lexical	U+6B63_01
前	〃	졩4	〃	〃	before; front		lexical	U+524D_01
情	〃	졩4	〃	〃	feeling; affection		lexical	U+60C5_01
曾	〃	졩4	〃	〃	once; Zeng		lexical	U+66FE_01
曾經	曾经	졩곙1	〃	曾经	once; formerly		lexical	U+66FE_U+7D93_00
情歌	〃	졩과1	〃	〃	love song		lexical	U+60C5_U+6B4C_00
政治	〃	졩2디5	〃	〃	government; politics; govern; treat		lexical	U+653F_U+6CBB_00
前路	〃	졩러5	〃	〃	road ahead; future path		lexical	U+524D_U+8DEF_00
情路	〃	졩러5	〃	〃	road of love; romantic path		lexical	U+60C5_U+8DEF_00
情愛	情爱	졩애	〃	情爱	love; affection		lexical	U+60C5_U+611B_00
情話	情话	졩웨5	〃	情话	feeling; affection; speech; language		lexical	U+60C5_U+8A71_00
情意	〃	졩이	〃	〃	affection; sentiment		lexical	U+60C5_U+610F_00
情批	〃	졩풰1	情書	情书	love letter		lexical	U+60C5_U+6279_00
情海	〃	졩해2	〃	〃	sea of love		lexical	U+60C5_U+6D77_00
政府	〃	졩2후2	〃	〃	government		lexical	U+653F_U+5E9C_00
情份	〃	졩훈5	〃	〃	feeling; affection		lexical	U+60C5_U+4EFD_00
做	〃	조	〃	〃	do; make		lexical	U+505A_00
座	〃	조5	〃	〃	seat; classifier		lexical	U+5EA7_00
做工	〃	조2강1	〃	〃	work		lexical	U+505A_U+5DE5_00
做兵	〃	조2볭1	當兵	当兵	serve as a soldier		lexical	U+505A_U+5175_00
造成	〃	조솅4	〃	〃	make; create; become; accomplish		lexical	U+9020_U+6210_00
做伙	〃	조2훼2	一起	〃	together		lexical	U+505A_U+4F19_00
昨	〃	좋1	〃	〃	yesterday		lexical	U+6628_00
紙	纸	좌2	〃	纸	paper		lexical	U+7D19_00
蛇	〃	좌4	〃	〃	snake		lexical	U+86C7_00
逝	〃	좌5	〃	〃	pass away; go		lexical	U+901D_00
紙字	纸字	좌1띠5	文字	〃	written words		lexical	U+7D19_U+5B57_00
全	〃	좐4	〃	〃	whole; all		lexical	U+5168_00
轉達	转达	좐1닫1	〃	转达	convey; pass on		lexical	U+8F49_U+9054_00
轉輪聖王	转轮圣王	좐1룬솅2엉4	〃	转轮圣王	turn; return; king		lexical	U+8F49_U+8F2A_U+8056_U+738B_00
全部	〃	좐버5	〃	〃	all; entire		lexical	U+5168_U+90E8_00
全世界	〃	좐세2개	〃	〃	whole; all; world; generation		lexical	U+5168_U+4E16_U+754C_00
泉漳	〃	좐쟝1	〃	〃	Quanzhou and Zhangzhou; Quanzhang		lexical	U+6CC9_U+6F33_00
泉漳話	泉漳话	좐쟝5웨5	〃	泉漳话	Quanzhou-Zhangzhou speech; Hokkien		lexical	U+6CC9_U+6F33_U+8A71_00
泉州	〃	좐쥬1	〃	〃	Quanzhou		lexical	U+6CC9_U+5DDE_00
絕望	绝望	좓뻥5	〃	绝望	cut off; despair; hope; look		lexical	U+7D55_U+671B_00
絕情	绝情	좓졩4	〃	绝情	feeling; affection		lexical	U+7D55_U+60C5_00
怎樣	怎样	좔1율5	〃	怎样	how; appearance; manner		lexical	U+600E_U+6A23_00
縒	〃	좧1	偏差; 偏誤	偏差; 偏误	difference; error; deviate from the intended form		lexical	U+7E12_00
做	〃	죄	〃	〃	do; make		lexical	U+505A_01
齊	齐	죄4	〃	齐	together; neat		lexical	U+9F4A_00
㩼	〃	죄5	多	〃	many; much		lexical	U+3A7C_00
做工	〃	죄2강1	〃	〃	work		lexical	U+505A_U+5DE5_01
做官	〃	죄2괄1	〃	〃	do; make; official		lexical	U+505A_U+5B98_00
做陣	做阵	죄2딘5	一起	〃	together		lexical	U+505A_U+9663_00
做人	〃	죄2랑4	〃	〃	conduct oneself; be a person		lexical	U+505A_U+4EBA_00
做落	〃	죄2롷1	做下去	〃	do; make; fall; drop		lexical	U+505A_U+843D_00
做夢	做梦	죄2빵5	〃	做梦	dream		lexical	U+505A_U+5922_00
做伴	〃	죄2퐐5	〃	〃	keep company		lexical	U+505A_U+4F34_00
做伙	〃	죄2훼2	一起	〃	do; make		lexical	U+505A_U+4F19_01
招	〃	죠1	〃	〃	invite; recruit		lexical	U+62DB_00
照	〃	죠	〃	〃	according to; shine		lexical	U+7167_01
照鏡	照镜	죠2걀	〃	照镜	according to; shine		lexical	U+7167_U+93E1_00
招呼	〃	죠5허1	〃	〃	greet		lexical	U+62DB_U+547C_00
借	〃	죻	〃	〃	borrow; lend		lexical	U+501F_00
石獅	石狮	죻새1	〃	石狮	Shishi		lexical	U+77F3_U+7345_00
石頭	石头	죻ᄐᅷ4	〃	石头	head		lexical	U+77F3_U+982D_00
書	书	주1	〃	书	book		lexical	U+66F8_00
珠	〃	주1	〃	〃	pearl		lexical	U+73E0_00
主	〃	주2	〃	〃	main; master		lexical	U+4E3B_00
子	〃	주2	〃	〃	child; son		lexical	U+5B50_00
煮	〃	주2	〃	〃	cook; boil		lexical	U+716E_00
注	〃	주	〃	〃	note; pour		lexical	U+6CE8_00
慈	〃	주4	〃	〃	kind; compassionate		lexical	U+6148_00
自	〃	주5	〃	〃	self; from		lexical	U+81EA_00
自強號	自强号	주경호5	〃	自强号	Tze-Chiang Express		lexical	U+81EA_U+5F37_U+865F_00
主見	主见	주1곈	〃	主见	opinion; independent view		lexical	U+4E3B_U+898B_00
主官	〃	주1괄1	〃	〃	main; master; official		lexical	U+4E3B_U+5B98_00
自己	〃	주기5	〃	〃	self; from		lexical	U+81EA_U+5DF1_00
註定	注定	주2댤5	注定	〃	destined		lexical	U+8A3B_U+5B9A_00
子弟	〃	주1데5	〃	〃	child; son		lexical	U+5B50_U+5F1F_00
註定	注定	주2뎽5	注定	〃	destined		lexical	U+8A3B_U+5B9A_01
自然	〃	주뗸4	〃	〃	natural; naturally		lexical	U+81EA_U+7136_00
注入	〃	주2띱1	〃	〃	inject; pour into		lexical	U+6CE8_U+5165_00
主人	〃	주1랑4	〃	〃	owner; host		lexical	U+4E3B_U+4EBA_00
珠淚	珠泪	주5뤼5	眼淚	眼泪	pearl		lexical	U+73E0_U+6DDA_00
滋味	〃	주5삐5	〃	〃	flavour		lexical	U+6ECB_U+5473_00
子民	〃	주1삔4	〃	〃	people; subjects		lexical	U+5B50_U+6C11_00
主要	〃	주1ᄋᆤ	〃	〃	main; principal		lexical	U+4E3B_U+8981_00
自由	〃	주유4	〃	〃	self; from; reason		lexical	U+81EA_U+7531_00
自由自在	〃	주유주재5	〃	〃	self; from; reason; exist; at		lexical	U+81EA_U+7531_U+81EA_U+5728_00
自在	〃	주재5	〃	〃	free; at ease		lexical	U+81EA_U+5728_00
煮食	〃	주1쟣1	做飯	做饭	cook		lexical	U+716E_U+98DF_00
自作多情	〃	주적1도5졩4	〃	〃	feeling; affection		lexical	U+81EA_U+4F5C_U+591A_U+60C5_00
準	准	준2	〃	准	accurate; standard		lexical	U+6E96_00
俊	〃	준	〃	〃	handsome; talented		lexical	U+4FCA_00
存	〃	준4	〃	〃	exist; keep		lexical	U+5B58_00
船	〃	준4	〃	〃	boat; ship		lexical	U+8239_00
陣	阵	준5	〃	阵	period; formation		lexical	U+9663_00
尊嚴	尊严	준5꺔4	〃	尊严	honorable; respect; strict; solemn		lexical	U+5C0A_U+56B4_00
準備	准备	준1비5	〃	准备	accurate; standard; prepare		lexical	U+6E96_U+5099_00
存在	〃	준재5	〃	〃	exist; existence		lexical	U+5B58_U+5728_00
船隻	船只	준쟣	〃	船只	boat		lexical	U+8239_U+96BB_00
陣陣	阵阵	준준5	〃	阵阵	waves of; bursts of		lexical	U+9663_U+9663_00
最	〃	줴	〃	〃	most		lexical	U+6700_00
罪	〃	줴5	〃	〃	sin; crime		lexical	U+7F6A_00
最後	最后	줴2ᄋᅷ5	〃	最后	last; finally		lexical	U+6700_U+5F8C_00
水	〃	쥐2	〃	〃	water		lexical	U+6C34_01
醉	〃	쥐	〃	〃	drunk		lexical	U+9189_00
醉茫茫	〃	쥐2빵빵4	〃	〃	very drunk		lexical	U+9189_U+832B_U+832B_00
水晶	〃	쥐1질1	〃	〃	water		lexical	U+6C34_U+6676_00
守	〃	쥬2	〃	〃	guard; keep		lexical	U+5B88_00
酒	〃	쥬2	〃	〃	alcohol; wine		lexical	U+9152_00
就	〃	쥬5	〃	〃	then; approach		lexical	U+5C31_00
酒量	〃	쥬1령5	〃	〃	drinking capacity		lexical	U+9152_U+91CF_00
酒仙	〃	쥬1셴1	〃	〃	alcohol; wine		lexical	U+9152_U+4ED9_00
州府	〃	쥬5후2	〃	〃	state capital; prefectural seat		lexical	U+5DDE_U+5E9C_00
上	〃	쥴5	〃	〃	up; above; on		lexical	U+4E0A_01
漳浦	〃	쥴5퍼2	〃	〃	Zhangpu		lexical	U+6F33_U+6D66_00
子弟	〃	즈1데5	〃	〃	child; son; younger brother		lexical	U+5B50_U+5F1F_01
妝	妆	증1	〃	妆	makeup; adorn		lexical	U+599D_00
裝	装	증1	〃	装	install; dress		lexical	U+88DD_00
鑽孔	钻孔	증2캉2	〃	钻孔	drill; bore; hole		lexical	U+947D_U+5B54_00
子	〃	즤2	〃	〃	child; son		lexical	U+5B50_01
只	〃	지2	〃	〃	only; just		lexical	U+53EA_00
姊	〃	지2	〃	〃	older sister		lexical	U+59CA_00
指	〃	지2	〃	〃	finger; point		lexical	U+6307_00
志	〃	지	〃	〃	will; ambition		lexical	U+5FD7_00
誌	志	지	〃	志	record; journal		lexical	U+8A8C_00
指點	指点	지1댬2	〃	指点	point out; give guidance		lexical	U+6307_U+9EDE_00
姊妹	〃	지1뭬5	〃	〃	sisters		lexical	U+59CA_U+59B9_00
只不過	只不过	지1붇1고	〃	只不过	pass; exceed		lexical	U+53EA_U+4E0D_U+904E_00
姊妹	〃	지1뻬5	〃	〃	sisters		lexical	U+59CA_U+59B9_01
只要	〃	지1ᄋᆤ	〃	〃	as long as		lexical	U+53EA_U+8981_00
指引	〃	지인2	〃	〃	guide; lead		lexical	U+6307_U+5F15_00
志氣	志气	지2키	〃	志气	ambition; willpower		lexical	U+5FD7_U+6C23_00
真	〃	진1	〃	〃	true; really		lexical	U+771F_00
震	〃	진	〃	〃	shake; Zhen		lexical	U+9707_00
盡	尽	진5	〃	尽	exhaust; all		lexical	U+76E1_00
晉江	晋江	진2강1	〃	晋江	Jinjiang		lexical	U+6649_U+6C5F_00
震東	震东	진2덩1	〃	震东	Zhen Dong (creator of Tangliengim)		lexical	U+9707_U+6771_00
真心	〃	진5심1	〃	〃	sincere; wholehearted		lexical	U+771F_U+5FC3_00
真正	〃	진5쟐	〃	〃	really		lexical	U+771F_U+6B63_00
真情	〃	진5졩4	〃	〃	true feelings		lexical	U+771F_U+60C5_00
真真假假	〃	진5진5게1게2	〃	〃	truth and falsehood		lexical	U+771F_U+771F_U+5047_U+5047_00
一	〃	짇1	〃	〃	one		lexical	U+4E00_01
這	这	짇	〃	这	this		lexical	U+9019_00
一工	〃	짇강1	一天	〃	one day		lexical	U+4E00_U+5DE5_00
一个	〃	짇고	一個	一个	one; one item		lexical	U+4E00_U+4E2A_00
一個月	一个月	짇고2뀋1	〃	一个月	one month		lexical	U+4E00_U+500B_U+6708_00
一寡	〃	짇과2	一點; 一些	一点; 一些	a little; a few		lexical	U+4E00_U+5BE1_00
一句	〃	짇구	〃	〃	one		lexical	U+4E00_U+53E5_00
一支	〃	짇기1	〃	〃	one stick; one item		lexical	U+4E00_U+652F_00
一枝	〃	짇기1	〃	〃	one branch		lexical	U+4E00_U+679D_00
一點	一点	짇댬2	〃	一点	a little; one point		lexical	U+4E00_U+9EDE_00
一點仔	一点仔	짇댬1아2	一點兒	一点儿	a little		lexical	U+4E00_U+9EDE_U+4ED4_00
一條	一条	짇ᄃᆤ4	〃	一条	one strip; one long item		lexical	U+4E00_U+689D_00
一棟	一栋	짇덩	〃	一栋	classifier for buildings		lexical	U+4E00_U+68DF_00
一段	〃	짇돨5	〃	〃	one		lexical	U+4E00_U+6BB5_00
一張	一张	짇듈1	〃	一张	one		lexical	U+4E00_U+5F35_00
一場	一场	짇듈4	〃	一场	one; field; place		lexical	U+4E00_U+5834_00
一滴	〃	짇딯	〃	〃	one drop		lexical	U+4E00_U+6EF4_00
一日	〃	짇띧1	〃	〃	one day		lexical	U+4E00_U+65E5_00
一人	〃	짇랑4	〃	〃	one person		lexical	U+4E00_U+4EBA_00
一路	〃	짇러5	〃	〃	all the way; road		lexical	U+4E00_U+8DEF_00
一百箍	〃	짇밯1커1	一百元	〃	one hundred dollars		lexical	U+4E00_U+767E_U+7B8D_00
一擺	一摆	짇배2	一次	〃	one		lexical	U+4E00_U+64FA_00
一步	〃	짇버5	〃	〃	one step		lexical	U+4E00_U+6B65_00
一半	〃	짇봘	〃	〃	half		lexical	U+4E00_U+534A_00
一本	〃	짇분2	〃	〃	one book; one volume		lexical	U+4E00_U+672C_00
一杯	〃	짇붸1	〃	〃	one cup		lexical	U+4E00_U+676F_00
一目	〃	짇빡1	一眼	〃	one glance		lexical	U+4E00_U+76EE_00
一萬箍	一万箍	짇빤커1	一萬元	一万元	ten thousand dollars		lexical	U+4E00_U+842C_U+7B8D_00
一幕	〃	짇뻐5	〃	〃	a scene		lexical	U+4E00_U+5E55_00
一秒	〃	짇뾰2	〃	〃	one second		lexical	U+4E00_U+79D2_00
一尾	〃	짇쀄2	〃	〃	classifier for fish		lexical	U+4E00_U+5C3E_00
一面	〃	짇삔5	〃	〃	one; face; surface		lexical	U+4E00_U+9762_00
一聲	一声	짇샬1	〃	一声	a sound		lexical	U+4E00_U+8072_00
一絲	一丝	짇시1	〃	一丝	one		lexical	U+4E00_U+7D72_00
一時	一时	짇시4	〃	一时	for a moment; at one time		lexical	U+4E00_U+6642_00
一世人	〃	짇시2랑4	一輩子	一辈子	a lifetime		lexical	U+4E00_U+4E16_U+4EBA_00
一暗	〃	짇암	一夜	〃	one night		lexical	U+4E00_U+6697_00
這个	这个	짇1에4	這個	这个	this		lexical	U+9019_U+4E2A_00
一个	〃	짇에4	一個	一个	one; one item		lexical	U+4E00_U+4E2A_01
一个人	〃	짇에랑4	一個人	一个人	one person		lexical	U+4E00_U+4E2A_U+4EBA_00
一站	〃	짇잠5	〃	〃	a station		lexical	U+4E00_U+7AD9_00
一欉	〃	짇장4	一株	〃	one		lexical	U+4E00_U+6B09_00
一隻	一只	짇쟣	〃	一只	one		lexical	U+4E00_U+96BB_00
一種	一种	짇졍2	〃	一种	one kind		lexical	U+4E00_U+7A2E_00
這陣	这阵	짇1준5	現在	现在	this time; this moment		lexical	U+9019_U+9663_00
一陣	一阵	짇준5	〃	一阵	a while; for a moment		lexical	U+4E00_U+9663_00
一千箍	〃	짇촁5커1	一千元	〃	one thousand dollars		lexical	U+4E00_U+5343_U+7B8D_00
一吋	〃	짇춘	〃	〃	one		lexical	U+4E00_U+540B_00
一出	〃	짇춛	〃	〃	one		lexical	U+4E00_U+51FA_00
一喙	〃	짇취	一口	〃	one mouthful		lexical	U+4E00_U+5599_00
一箍	〃	짇커1	一元	〃	one; dollar; ring		lexical	U+4E00_U+7B8D_00
一攤	一摊	짇퇄1	〃	一摊	one		lexical	U+4E00_U+6524_00
一分	〃	짇훈1	〃	〃	one point; one cent; one minute		lexical	U+4E00_U+5206_00
錢	钱	질4	〃	钱	money		lexical	U+9322_00
錢銀	钱银	질꾼4	錢	钱	money		lexical	U+9322_U+9280_00
蟳	𫊻	짐4	螃蟹	〃	crab		lexical	U+87F3_00
斟酌	〃	짐5젹	〃	〃	pour; consider		lexical	U+659F_U+914C_00
舌	〃	짛1	〃	〃	tongue		lexical	U+820C_00
吵	〃	차2	〃	〃	noisy; argue		lexical	U+5435_00
炒	〃	차2	〃	〃	fry		lexical	U+7092_00
炒粿條	炒粿条	차1궤1ᄃᆤ4	〃	炒粿条	fried kway teow		lexical	U+7092_U+7CBF_U+689D_00
吵鬧	吵闹	차1ᄂᅷ5	〃	吵闹	noisy; argue		lexical	U+5435_U+9B27_00
炒飯	炒饭	차1븡5	〃	炒饭	fried rice		lexical	U+7092_U+98EF_00
炒米粉	〃	차1삐1훈2	〃	〃	fried bee hoon		lexical	U+7092_U+7C73_U+7C89_00
叉燒	叉烧	차5슈1	〃	叉烧	char siew		lexical	U+53C9_U+71D2_00
吵吵鬧鬧	吵吵闹闹	차1차1ᄂᅷᄂᅷ5	〃	吵吵闹闹	noisy; argue		lexical	U+5435_U+5435_U+9B27_U+9B27_00
鑿	凿	착1	〃	凿	chisel; dig		lexical	U+947F_00
田	〃	찬4	〃	〃	field		lexical	U+7530_01
摻	掺	참1	〃	掺	mix		lexical	U+647B_00
插	〃	찹	〃	〃	insert		lexical	U+63D2_00
藏	〃	창	〃	〃	hide; store		lexical	U+85CF_00
插草	〃	챃1ᄎᅷ2	迷彩; 偽裝	迷彩; 伪装	camouflage (military)		lexical	U+63D2_U+8349_00
草	〃	ᄎᅷ2	〃	〃	grass		lexical	U+8349_00
臭	〃	ᄎᅷ	〃	〃	smelly		lexical	U+81ED_00
吵鬧	吵闹	ᄎᅷ1ᄂᅷ5	〃	吵闹	noisy; argue		lexical	U+5435_U+9B27_01
臭臭	〃	ᄎᅷ2ᄎᅷ	〃	〃	smelly		lexical	U+81ED_U+81ED_00
臭耳聾	臭耳聋	ᄎᅷ2힐랑4	耳聾	耳聋	deaf		lexical	U+81ED_U+8033_U+807E_00
彩	〃	채2	〃	〃	color; prize		lexical	U+5F69_00
採	采	채2	〃	采	pick; gather		lexical	U+63A1_00
菜	〃	채	〃	〃	vegetable; dish		lexical	U+83DC_00
菜市	〃	채2치5	〃	〃	market; bazaar; Chai Chee		lexical	U+83DC_U+5E02_00
菜市仔	〃	채2치아2	菜市場	菜市场	market		lexical	U+83DC_U+5E02_U+4ED4_00
菜頭粿	菜头粿	채2ᄐᅷ궤2	蘿蔔糕	萝卜糕	fried carrot cake		lexical	U+83DC_U+982D_U+7CBF_00
車	车	챠1	〃	车	car; vehicle		lexical	U+8ECA_00
車輦	车辇	챠5롄2	車輪	车轮	wheels		lexical	U+8ECA_U+8F26_00
車站	车站	챠5잠5	〃	车站	station		lexical	U+8ECA_U+7AD9_00
車頭	车头	챠5ᄐᅷ4	車站	车站	station		lexical	U+8ECA_U+982D_00
請	请	챨2	〃	请	please; invite		lexical	U+8ACB_00
晟	〃	챨4	〃	〃	bright; flourishing		lexical	U+665F_00
請問	请问	챨1믕5	〃	请问	ask		lexical	U+8ACB_U+554F_00
晟養	晟养	챨영2	養大	养大	raise; bring up		lexical	U+665F_U+990A_00
籤	签	챰1	〃	签	lot; divination slip		lexical	U+7C64_00
籤詩	签诗	챰5시1	〃	签诗	divination poem		lexical	U+7C64_U+8A69_00
撨	〃	ᄎᆤ4	調整; 安排	调整; 安排	adjust; arrange		lexical	U+64A8_00
悄悄	〃	ᄎᆤ5ᄎᆤ1	〃	〃	quietly		lexical	U+6084_U+6084_00
初	〃	처1	〃	〃	beginning; first		lexical	U+521D_00
粗	〃	처1	〃	〃	coarse; rough		lexical	U+7C97_00
醋	〃	처	〃	〃	vinegar; jealousy		lexical	U+918B_00
粗魯	粗鲁	처5러2	〃	粗鲁	unruly		lexical	U+7C97_U+9B6F_00
初戀	初恋	처5롼4	〃	初恋	beginning; first; love; long for		lexical	U+521D_U+6200_00
初步	〃	처5버5	〃	〃	step		lexical	U+521D_U+6B65_00
創	创	청	〃	创	create; wound		lexical	U+5275_00
創治	创治	청2디5	捉弄; 欺負	捉弄; 欺负	bully; tease; play tricks on		lexical	U+5275_U+6CBB_00
滄桑	沧桑	청5성1	〃	沧桑	dark blue; vast; mulberry		lexical	U+6EC4_U+6851_00
創空	创空	청2캉1	打洞	〃	make a hole; open a wound		lexical	U+5275_U+7A7A_00
叉	〃	체1	〃	〃	fork; cross		lexical	U+53C9_00
星	〃	첼1	〃	〃	star		lexical	U+661F_00
青	〃	첼1	〃	〃	green		lexical	U+9752_00
青色	〃	첼5셱	〃	〃	green colour		lexical	U+9752_U+8272_00
生生	〃	첼5첼1	〃	〃	alive; raw		lexical	U+751F_U+751F_00
青袍	〃	첼5ᄑᅷ	〃	〃	a green/blue Chinese long shirt		lexical	U+9752_U+888D_00
生份	〃	첼5훈5	疏遠	疏远	estranged		lexical	U+751F_U+4EFD_00
冊	册	쳏	〃	册	book		lexical	U+518A_00
沖	冲	쳥1	〃	冲	rush; rinse		lexical	U+6C96_00
衝	冲	쳥1	〃	冲	rush; collide		lexical	U+885D_00
薔薇	蔷薇	쳥삐4	〃	蔷薇	rose; briar; fern		lexical	U+8594_U+8587_00
千	〃	쳰1	〃	〃	thousand		lexical	U+5343_00
千金	〃	쳰5김1	〃	〃	worth a lot of gold; daughter		lexical	U+5343_U+91D1_00
千百	〃	쳰5밯	〃	〃	hundreds and thousands		lexical	U+5343_U+767E_00
千山萬水	千山万水	쳰5산5빤쉬2	〃	千山万水	long journey; countless mountains and rivers		lexical	U+5343_U+5C71_U+842C_U+6C34_00
千千萬萬	千千万万	쳰5쳰5빤빤5	〃	千千万万	thousand; ten thousand		lexical	U+5343_U+5343_U+842C_U+842C_00
千錯萬錯	千错万错	쳰5초2빤초	〃	千错万错	entirely wrong; full of mistakes		lexical	U+5343_U+932F_U+842C_U+932F_00
淺拖	浅拖	쳰1톼1	拖鞋	〃	slippers		lexical	U+6DFA_U+62D6_00
切斷	切断	쳳1등5	〃	切断	cut; urgent; break; decide		lexical	U+5207_U+65B7_00
千	〃	촁1	〃	〃	thousand		lexical	U+5343_01
清	〃	촁1	〃	〃	clear; pure		lexical	U+6E05_00
銃	铳	촁	〃	铳	gun		lexical	U+9283_00
穿	〃	촁5	〃	〃	wear; pierce		lexical	U+7A7F_00
千年	〃	촁5니4	〃	〃	thousand years		lexical	U+5343_U+5E74_00
穿衫	〃	촁살1	穿衣服	〃	wear clothes		lexical	U+7A7F_U+886B_00
清醒	〃	촁5첼2	〃	〃	clear; pure; wake; sober		lexical	U+6E05_U+9192_00
清楚	〃	촁5초2	〃	〃	to be clear		lexical	U+6E05_U+695A_00
青春	〃	촁5춘1	〃	〃	youth		lexical	U+9752_U+6625_00
清醒	〃	촁5칠2	〃	〃	clear; pure; wake; sober		lexical	U+6E05_U+9192_01
千箍	〃	촁5커1	千元	〃	thousand; dollar; ring		lexical	U+5343_U+7B8D_00
清氣	清气	촁5키	乾淨	干净	clean		lexical	U+6E05_U+6C23_00
清芳	〃	촁5팡1	清香	〃	fragrant		lexical	U+6E05_U+82B3_00
清風	清风	촁5헝1	〃	清风	clear wind		lexical	U+6E05_U+98A8_00
清華	清华	촁5화4	〃	清华	Tsinghua		lexical	U+6E05_U+83EF_00
錯	错	초	〃	错	wrong; mistake		lexical	U+932F_00
𤆬	〃	촤5	帶領; 帶	带领; 带	lead; bring		lexical	U+241AC_00
蔡厝港	〃	촤2추2강2	〃	〃	Choa Chu Kang		lexical	U+8521_U+539D_U+6E2F_00
喘	〃	촨2	〃	〃	pant; gasp		lexical	U+5598_00
初	〃	최1	〃	〃	prefix for days 1 to 10 of a Chinese calendar month		lexical	U+521D_01
初一	〃	최5읻	〃	〃	day 1 of a Chinese calendar month		lexical	U+521D_U+4E00_00
初一十五	〃	최5읻1잡꺼5	〃	〃	days 1 and 15 of a Chinese calendar month		lexical	U+521D_U+4E00_U+5341_U+4E94_00
笑	〃	쵸	〃	〃	laugh; smile		lexical	U+7B11_00
笑文文	〃	쵸2뿐뿐4	微笑	〃	smile gently		lexical	U+7B11_U+6587_U+6587_00
笑容	〃	쵸2영4	〃	〃	laugh; smile; appearance; contain		lexical	U+7B11_U+5BB9_00
笑詼	笑诙	쵸2퀘1	笑話	笑话	laugh; smile; joke; humorous		lexical	U+7B11_U+8A7C_00
此	〃	추2	〃	〃	this		lexical	U+6B64_00
厝	〃	추	房子	〃	house		lexical	U+539D_00
厝內	厝内	추2래5	家裡; 妻子	家里; 妻子	inside the house; wife		lexical	U+539D_U+5167_00
厝內人	厝内人	추2래랑4	妻子; 家人	〃	wife; family member		lexical	U+539D_U+5167_U+4EBA_00
厝邊頭尾	厝边头尾	추2빌5ᄐᅷ쀄2	鄰居; 周圍	邻居; 周围	neighbours; surroundings		lexical	U+539D_U+908A_U+982D_U+5C3E_00
趣味	〃	추2삐5	〃	〃	interesting; fun		lexical	U+8DA3_U+5473_00
春	〃	춘1	〃	〃	spring		lexical	U+6625_00
賰	䞐	춘1	剩	〃	left over; surplus		lexical	U+8CF0_00
春天	〃	춘5틸1	〃	〃	spring		lexical	U+6625_U+5929_00
春夏秋冬	〃	춘5하츄5당1	〃	〃	winter		lexical	U+6625_U+590F_U+79CB_U+51AC_00
春雨	〃	춘5허5	〃	〃	rain		lexical	U+6625_U+96E8_00
春風	春风	춘5헝1	〃	春风	wind		lexical	U+6625_U+98A8_00
出	〃	춛	〃	〃	go out; produce		lexical	U+51FA_00
出嫁	〃	춛1게	〃	〃	marry out		lexical	U+51FA_U+5AC1_00
出業	出业	춛1꺕1	畢業	毕业	graduate		lexical	U+51FA_U+696D_00
出日	〃	춛1띧1	日出	〃	sunrise		lexical	U+51FA_U+65E5_00
出力	〃	춛1랃1	〃	〃	go out; produce; strength; power		lexical	U+51FA_U+529B_00
出門	出门	춛1믕4	〃	出门	door		lexical	U+51FA_U+9580_00
出聲	出声	춛1샬1	〃	出声	speak; make a sound		lexical	U+51FA_U+8072_00
出世	〃	춛1시	〃	〃	to be born		lexical	U+51FA_U+4E16_00
出口	〃	춛1ᄏᅷ2	〃	〃	mouth		lexical	U+51FA_U+53E3_00
出頭天	出头天	춛1ᄐᅷ틸1	〃	出头天	one's breakthrough		lexical	U+51FA_U+982D_U+5929_00
出現	出现	춛1혠5	〃	出现	go out; produce; present; appear		lexical	U+51FA_U+73FE_00
吹	〃	췌1	〃	〃	blow		lexical	U+5439_00
揣	〃	췌5	找; 猜	〃	look for; guess		lexical	U+63E3_00
催	〃	취1	〃	〃	urge; hurry		lexical	U+50AC_00
喙	〃	취	〃	〃	mouth; beak		lexical	U+5599_00
喙焦	〃	취2다1	口渴	〃	thirsty; dry-mouthed		lexical	U+5599_U+7126_00
喙脣	喙唇	취2둔4	嘴唇	〃	mouth; beak; lip		lexical	U+5599_U+8123_00
喙邊	喙边	취2빌1	嘴邊	嘴边	side		lexical	U+5599_U+908A_00
喙舌	〃	취2짛1	舌頭	舌头	tongue		lexical	U+5599_U+820C_00
秋	〃	츄1	〃	〃	autumn		lexical	U+79CB_00
手	〃	츄2	〃	〃	hand		lexical	U+624B_00
手巾	〃	츄1긘1	〃	〃	hand		lexical	U+624B_U+5DFE_00
手機	手机	츄1기1	〃	手机	mobile phone		lexical	U+624B_U+6A5F_00
手機仔	手机仔	츄1기5아2	手機	手机	mobile phone		lexical	U+624B_U+6A5F_U+4ED4_00
樹頂	树顶	츄뎽2	〃	树顶	treetop		lexical	U+6A39_U+9802_00
手內	手内	츄1래5	〃	手内	in hand; at hand		lexical	U+624B_U+5167_00
樹木	树木	츄빡1	〃	树木	tree; wood		lexical	U+6A39_U+6728_00
秋天	〃	츄5틸1	〃	〃	autumn		lexical	U+79CB_U+5929_00
樹箬	树箬	츄훃1	樹葉	树叶	tree; bamboo leaf		lexical	U+6A39_U+7BAC_00
唱	〃	츌	〃	〃	sing		lexical	U+5531_00
像	〃	츌5	〃	〃	resemble		lexical	U+50CF_00
唱歌	〃	츌2과1	〃	〃	sing song		lexical	U+5531_U+6B4C_00
鼠	〃	츼2	〃	〃	rat; mouse		lexical	U+9F20_00
痴	〃	치1	〃	〃	foolish; infatuated		lexical	U+75F4_00
刺	〃	치	〃	〃	to prick		lexical	U+523A_00
試	试	치	〃	试	try; test		lexical	U+8A66_00
市	〃	치5	〃	〃	city		lexical	U+5E02_00
飼	饲	치5	〃	饲	feed; raise		lexical	U+98FC_00
刺激	〃	치2곅	〃	〃	exciting; to agitate		lexical	U+523A_U+6FC0_00
市長	市长	치뎔2	〃	市长	city mayor		lexical	U+5E02_U+9577_00
市長	市长	치듈2	〃	市长	city mayor		lexical	U+5E02_U+9577_01
痴心	〃	치5심1	〃	〃	infatuation		lexical	U+75F4_U+5FC3_00
痴情	〃	치5졩4	〃	〃	infatuated; devoted		lexical	U+75F4_U+60C5_00
悽慘	凄惨	치5참2	〃	凄惨	sad; miserable; tragic		lexical	U+60BD_U+6158_00
試看覓	试看觅	치2콸2매5	試試看	试试看	look; watch		lexical	U+8A66_U+770B_U+8993_00
親	亲	친1	〃	亲	relative; close		lexical	U+89AA_00
親愛	亲爱	친5애	〃	亲爱	relative; close; love; want		lexical	U+89AA_U+611B_00
親友	亲友	친5유2	〃	亲友	relatives and friends		lexical	U+89AA_U+53CB_00
親情	亲情	친5쟐4	〃	亲情	family affection		lexical	U+89AA_U+60C5_00
親情	亲情	친5졩4	〃	亲情	family affection		lexical	U+89AA_U+60C5_01
凊彩	〃	친2채2	隨便	随便	any; whichever; casual; careless		lexical	U+51CA_U+5F69_00
親像	亲像	친5츌5	像	〃	like; resemble		lexical	U+89AA_U+50CF_00
七	〃	칟	〃	〃	seven		lexical	U+4E03_00
拭	〃	칟	〃	〃	wipe		lexical	U+62ED_00
拭汗	〃	칟1괄5	〃	〃	sweat		lexical	U+62ED_U+6C57_00
七百	〃	칟1밯	〃	〃	seven hundred		lexical	U+4E03_U+767E_00
姼仔	〃	칟1아2	馬子	马子	girlfriend (colloquial)		lexical	U+59FC_U+4ED4_00
七早八早	〃	칟1자1뵣1자2	〃	〃	seven; early; morning; eight		lexical	U+4E03_U+65E9_U+516B_U+65E9_00
七十	〃	칟1잡1	〃	〃	seventy		lexical	U+4E03_U+5341_00
七分	〃	칟1훈1	〃	〃	seven parts; seventy percent		lexical	U+4E03_U+5206_00
星	〃	칠1	〃	〃	star		lexical	U+661F_01
青	〃	칠1	〃	〃	green		lexical	U+9752_01
醒’래	〃	칠2’래	醒來	醒来	wake up		lexical	U+9192_U+2019_U+B798_00
深	〃	침1	〃	〃	deep		lexical	U+6DF1_00
深深	〃	침5침1	〃	〃	deep		lexical	U+6DF1_U+6DF1_00
深坑	〃	침5킬1	〃	〃	deep; pit; hole		lexical	U+6DF1_U+5751_00
跤	〃	카1	腳	脚	foot		lexical	U+8DE4_00
敲	〃	카	〃	〃	knock		lexical	U+6572_00
跤踏	〃	카5닿1	踩; 踏	〃	tread; step		lexical	U+8DE4_U+8E0F_00
跤踏實地	跤踏实地	카5닿싣데5	腳踏實地	脚踏实地	to be realistic and reliable		lexical	U+8DE4_U+8E0F_U+5BE6_U+5730_00
跤踏車	跤踏车	카5닿챠1	自行車	自行车	bicycle		lexical	U+8DE4_U+8E0F_U+8ECA_00
敲電話	敲电话	카2뎬웨5	打電話	打电话	electricity; speech; language		lexical	U+6572_U+96FB_U+8A71_00
敲門	敲门	카2믕4	〃	敲门	to knock on a door		lexical	U+6572_U+9580_00
跤步	〃	카5버5	腳步	脚步	step		lexical	U+8DE4_U+6B65_00
尻川	〃	카5층1	屁股	〃	buttocks		lexical	U+5C3B_U+5DDD_00
跤頭趺	跤头趺	카5ᄐᅷ우1	膝蓋	膝盖	knee		lexical	U+8DE4_U+982D_U+8DBA_00
跤頭趺	跤头趺	카5ᄐᅷ후1	膝蓋	膝盖	knee		lexical	U+8DE4_U+982D_U+8DBA_01
確定	确定	칵1뎽5	〃	确定	confirm		lexical	U+78BA_U+5B9A_00
牽	牵	칸1	〃	牵	lead; pull		lexical	U+727D_00
堪	〃	캄1	〃	〃	can bear; worthy		lexical	U+582A_00
崁	〃	캄	〃	〃	cliff; ridge		lexical	U+5D01_00
坎坎刻刻	〃	캄1캄1켹1켹	坎坷	〃	pit; uneven; carve; moment		lexical	U+574E_U+574E_U+523B_U+523B_00
坎坎坷坷	〃	캄1캄1켿켿1	〃	〃	pit; uneven; rough		lexical	U+574E_U+574E_U+5777_U+5777_00
坎欹	〃	캄1캬1	傾斜; 不平	倾斜; 不平	pit; uneven; tilted; leaning		lexical	U+574E_U+6B39_00
坎坷	〃	캄1켿1	〃	〃	pit; uneven; rough		lexical	U+574E_U+5777_00
空	〃	캉1	〃	〃	empty; air		lexical	U+7A7A_00
空喙薄舌	〃	캉5취2봏짛1	尖嘴薄舌; 多嘴	〃	sharp-tongued; talkative		lexical	U+7A7A_U+5599_U+8584_U+820C_00
空空	〃	캉5캉1	〃	〃	empty		lexical	U+7A7A_U+7A7A_00
空虛	空虚	캉5희1	〃	空虚	empty; air; weak		lexical	U+7A7A_U+865B_00
口	〃	ᄏᅷ2	〃	〃	mouth		lexical	U+53E3_00
哭	〃	ᄏᅷ	〃	〃	cry		lexical	U+54ED_00
哭爸	〃	ᄏᅷ2베5	抱怨	〃	cry father; whine		lexical	U+54ED_U+7238_00
哭爸哭母	〃	ᄏᅷ2베ᄏᅷ2뿌2	抱怨	〃	whine; complain		lexical	U+54ED_U+7238_U+54ED_U+6BCD_00
開	开	캐1	〃	开	open		lexical	U+958B_00
開始	开始	캐5시2	〃	开始	open		lexical	U+958B_U+59CB_00
徛	〃	캬5	站	〃	stand		lexical	U+5F9B_00
騎	骑	캬5	〃	骑	ride		lexical	U+9A0E_00
欠	〃	캼	〃	〃	owe; lack		lexical	U+6B20_00
欠債	欠债	캼2제	〃	欠债	debt		lexical	U+6B20_U+50B5_00
巧	〃	ᄏᆤ2	〃	〃	skillful; clever		lexical	U+5DE7_00
箍	〃	커1	元	〃	dollar		lexical	U+7B8D_00
顆	颗	커1	〃	颗	grain; classifier		lexical	U+9846_00
苦	〃	커2	〃	〃	bitter; suffering		lexical	U+82E6_00
褲	裤	커	〃	裤	pants		lexical	U+8932_00
苦澀	苦涩	커1샵	〃	苦涩	bitter; astringent		lexical	U+82E6_U+6F80_00
苦衷	〃	커1졍1	〃	〃	bitter; suffering; inner feeling		lexical	U+82E6_U+8877_00
苦楚	〃	커1처2	〃	〃	bitter; suffering; clear		lexical	U+82E6_U+695A_00
苦勸	苦劝	커1킁	〃	苦劝	bitter; suffering; advise; persuade		lexical	U+82E6_U+52F8_00
悾	〃	컹1	傻	〃	foolish; empty-headed		lexical	U+60BE_00
框	〃	컹1	〃	〃	frame		lexical	U+6846_00
空氣	空气	컹5키	〃	空气	air		lexical	U+7A7A_U+6C23_00
客	〃	켛	〃	〃	guest; customer		lexical	U+5BA2_00
恐驚	恐惊	켱1걀1	害怕	〃	scared		lexical	U+6050_U+9A5A_00
刻	〃	켹	〃	〃	carve; moment		lexical	U+523B_00
克虧	克亏	켹1퀴1	吃虧	吃亏	overcome; restrain; loss; owe		lexical	U+514B_U+8667_00
芡芳	〃	켼2팡1	爆香	〃	fry aromatics to release their fragrance		lexical	U+82A1_U+82B3_00
可	〃	코2	〃	〃	can; may		lexical	U+53EF_00
考	〃	코2	〃	〃	test; consider		lexical	U+8003_00
靠	〃	코	〃	〃	lean on; rely on		lexical	U+9760_00
可憐	可怜	코1롄4	〃	可怜	pitiful; pitiable		lexical	U+53EF_U+6190_00
可能	〃	코1롕4	〃	〃	ability; can		lexical	U+53EF_U+80FD_00
可比	〃	코1비2	〃	〃	compare		lexical	U+53EF_U+6BD4_00
可惜	〃	코1숗	〃	〃	regrettable; a pity		lexical	U+53EF_U+60DC_00
可愛	可爱	코1애	〃	可爱	cute; adorable		lexical	U+53EF_U+611B_00
可以	〃	코1이2	〃	〃	use; by means of		lexical	U+53EF_U+4EE5_00
靠站	〃	코2잠5	〃	〃	arrive at a stop; pull into a station		lexical	U+9760_U+7AD9_00
靠岸	〃	코2활5	〃	〃	come ashore; dock		lexical	U+9760_U+5CB8_00
可	〃	콰2	〃	〃	can; may		lexical	U+53EF_01
款	〃	콴2	〃	〃	type; style		lexical	U+6B3E_00
看	〃	콸	〃	〃	look; watch		lexical	U+770B_00
看顧	看顾	콸2거	〃	看顾	look after; care for		lexical	U+770B_U+9867_00
看見	看见	콸2길	〃	看见	see		lexical	U+770B_U+898B_00
看覓	看觅	콸2매5	看看	〃	look; watch		lexical	U+770B_U+8993_00
看破	〃	콸2퐈	〃	〃	to see through something; to concede		lexical	U+770B_U+7834_00
闊	阔	쾋	〃	阔	wide		lexical	U+95CA_00
快	〃	쾌	〃	〃	fast; happy		lexical	U+5FEB_00
快樂	快乐	쾌2럭1	〃	快乐	happy		lexical	U+5FEB_U+6A02_00
區	区	쿠1	〃	区	area; district		lexical	U+5340_00
軀	躯	쿠1	〃	躯	body		lexical	U+8EC0_00
睏	困	쿤	睡覺	睡觉	sleep		lexical	U+774F_00
困難	困难	쿤2란4	〃	困难	trapped; sleepy; difficult; disaster		lexical	U+56F0_U+96E3_00
睏’킈	困’킈	쿤’킈	睡著	〃	fall asleep		lexical	U+774F_U+2019_U+D088_00
開	开	퀴1	〃	开	open		lexical	U+958B_01
氣	气	퀴	〃	气	air; energy		lexical	U+6C23_00
氣力	气力	퀴2랃1	〃	气力	air; energy; strength; power		lexical	U+6C23_U+529B_00
開門	开门	퀴5믕4	〃	开门	open the door		lexical	U+958B_U+9580_00
開往	开往	퀴5엉2	〃	开往	depart for; bound for		lexical	U+958B_U+5F80_00
開車	开车	퀴5챠1	〃	开车	drive; start a vehicle		lexical	U+958B_U+8ECA_00
開喙	开喙	퀴5취	開口	开口	open		lexical	U+958B_U+5599_00
開花	开花	퀴5훼1	〃	开花	open		lexical	U+958B_U+82B1_00
快活	〃	퀼2왛1	〃	〃	happy; carefree		lexical	U+5FEB_U+6D3B_00
囥	〃	킁	藏; 收起	〃	hide; store away		lexical	U+56E5_00
去	〃	킈	〃	〃	go		lexical	U+53BB_00
起	〃	키2	〃	〃	rise; start; build		lexical	U+8D77_00
氣	气	키	〃	气	air; energy		lexical	U+6C23_01
起行	〃	키1걀4	〃	〃	to go; to begin a journey		lexical	U+8D77_U+884C_00
氣味	气味	키2삐5	〃	气味	smell; flavor		lexical	U+6C23_U+5473_00
起痟	〃	키1ᄉᆤ2	發瘋	发疯	to be crazy		lexical	U+8D77_U+75DF_00
起身	〃	키1신1	〃	〃	get up; start		lexical	U+8D77_U+8EAB_00
氣身惱命	气身恼命	키2신5로1먀5	氣憤; 怒不可遏	气愤; 怒不可遏	furious; extremely angry		lexical	U+6C23_U+8EAB_U+60F1_U+547D_00
輕	轻	킨1	〃	轻	light		lexical	U+8F15_00
輕鬆	轻松	킨5상1	〃	轻松	light; easy; loose; relaxed		lexical	U+8F15_U+9B06_00
輕聲	轻声	킨5샬1	〃	轻声	soft; low in volume		lexical	U+8F15_U+8072_00
勤儉	勤俭	킨캼5	〃	勤俭	diligent; frugal; economical		lexical	U+52E4_U+5109_00
輕可	轻可	킨5코2	還好	还好	alright		lexical	U+8F15_U+53EF_00
輕輕	轻轻	킨5킨1	〃	轻轻	light; easy		lexical	U+8F15_U+8F15_00
乞食	〃	킫1쟣1	乞討	乞讨	to beg for food		lexical	U+4E5E_U+98DF_00
琴	〃	킴4	〃	〃	string instrument		lexical	U+7434_00
他鄉	他乡	타5형1	〃	他乡	he; other; hometown; countryside		lexical	U+4ED6_U+9109_00
讀	读	탁1	〃	读	read; study		lexical	U+8B80_00
讀書	读书	탁주1	〃	读书	read book; study		lexical	U+8B80_U+66F8_00
讀冊	读册	탁쳏	讀書	读书	read book; study		lexical	U+8B80_U+518A_00
趁	〃	탄	賺	赚	to earn		lexical	U+8D81_00
坦白	〃	탄1벻1	〃	〃	white		lexical	U+5766_U+767D_00
探聽	探听	탐2턀1	〃	探听	listen; hear		lexical	U+63A2_U+807D_00
窗	〃	탕1	〃	〃	window		lexical	U+7A97_00
通	〃	탕1	〃	〃	pass through; understand		lexical	U+901A_00
蟲	虫	탕4	〃	虫	insect; worm		lexical	U+87F2_00
窗外	〃	탕5꽈5	〃	〃	outside		lexical	U+7A97_U+5916_00
窗仔	〃	탕아2	窗戶	窗户	diminutive suffix		lexical	U+7A97_U+4ED4_00
偷	〃	ᄐᅷ1	〃	〃	steal; secretly		lexical	U+5077_00
透	〃	ᄐᅷ	〃	〃	through; thoroughly		lexical	U+900F_00
頭	头	ᄐᅷ4	〃	头	head		lexical	U+982D_00
頭家	头家	ᄐᅷ게1	〃	头家	boss		lexical	U+982D_U+5BB6_00
頭腦	头脑	ᄐᅷᄂᅷ2	〃	头脑	head; brain		lexical	U+982D_U+8166_00
偷拈	〃	ᄐᅷ5니1	偷	〃	steal; pilfer		lexical	U+5077_U+62C8_00
頭路	头路	ᄐᅷ러5	工作	〃	job; work		lexical	U+982D_U+8DEF_00
頭毛	头毛	ᄐᅷ믕4	頭髮	头发	hair		lexical	U+982D_U+6BDB_00
頭前	头前	ᄐᅷ졩4	前面	〃	in front; ahead		lexical	U+982D_U+524D_00
頭喙	头喙	ᄐᅷ취	人頭	人头	headcount		lexical	U+982D_U+5599_00
偷偷	〃	ᄐᅷ5ᄐᅷ1	〃	〃	secretly		lexical	U+5077_U+5077_00
偷聽	偷听	ᄐᅷ5턀1	〃	偷听	eavedrop		lexical	U+5077_U+807D_00
太	〃	태	〃	〃	too; very		lexical	U+592A_00
待	〃	태5	〃	〃	wait		lexical	U+5F85_00
泰國	泰国	태2걱	〃	泰国	Thailand		lexical	U+6CF0_U+570B_00
泰國人	泰国人	태2걱1랑4	〃	泰国人	Thai person		lexical	U+6CF0_U+570B_U+4EBA_00
態度	态度	태2더5	〃	态度	state; attitude; degree; measure		lexical	U+614B_U+5EA6_00
聽	听	턀1	〃	听	listen; hear		lexical	U+807D_00
疼	〃	턀	〃	〃	pain; to love		lexical	U+75BC_00
聽講	听讲	턀5겅2	〃	听讲	hearsay		lexical	U+807D_U+8B1B_00
聽見	听见	턀5길	〃	听见	hear		lexical	U+807D_U+898B_00
聽人講	听人讲	턀5랑겅2	〃	听人讲	hearsay		lexical	U+807D_U+4EBA_U+8B1B_00
聽人唱	听人唱	턀5랑츌	〃	听人唱	listen to people sing		lexical	U+807D_U+4EBA_U+5531_00
疼惜	〃	턀2숗	〃	〃	cherish; dote on		lexical	U+75BC_U+60DC_00
疼心	〃	턀2심1	心痛	〃	heartache		lexical	U+75BC_U+5FC3_00
疼痛	〃	턀2탕	〃	〃	pain; love		lexical	U+75BC_U+75DB_00
拆	〃	턓	〃	〃	take apart; dismantle		lexical	U+62C6_00
跳	〃	ᄐᆤ	〃	〃	jump		lexical	U+8DF3_00
挑工	〃	ᄐᆤ5강1	專門; 特意	专门; 特意	specially; deliberately; on purpose		lexical	U+6311_U+5DE5_00
跳’롷킈	〃	ᄐᆤ’롷킈	跳下去	〃	jump down		lexical	U+8DF3_U+2019_U+B877_U+D088_00
兔	〃	터	〃	〃	rabbit		lexical	U+5154_00
吐	〃	터	〃	〃	spit; vomit		lexical	U+5410_00
吐沙	〃	터2솨1	〃	〃	purge sand		lexical	U+5410_U+6C99_00
塗跤	涂跤	터카1	地上	〃	earth; smear; foot		lexical	U+5857_U+8DE4_00
通	〃	텅1	〃	〃	pass through; understand		lexical	U+901A_01
體	体	테2	〃	体	body; form		lexical	U+9AD4_00
提	〃	테4	〃	〃	carry; mention		lexical	U+63D0_00
體驗	体验	테1꺔5	〃	体验	body; form; verify; experience		lexical	U+9AD4_U+9A57_00
體諒	体谅	테1령5	〃	体谅	body; form; forgive; understand		lexical	U+9AD4_U+8AD2_00
提起	〃	테키2	〃	〃	mention; bring up		lexical	U+63D0_U+8D77_00
退下	〃	테2하5	〃	〃	below; under		lexical	U+9000_U+4E0B_00
體會	体会	테1훼5	〃	体会	can; meeting		lexical	U+9AD4_U+6703_00
暢	畅	텽	〃	畅	smooth; carefree		lexical	U+66A2_00
天然	〃	톈5뗸4	〃	〃	natural		lexical	U+5929_U+7136_00
天上	〃	톈5셩5	〃	〃	in the sky; heaven		lexical	U+5929_U+4E0A_00
顛踱	颠踱	톈5톻1	吊兒郎當; 不正經	吊儿郎当; 不正经	to mess around		lexical	U+985B_U+8E31_00
天份	〃	톈5훈5	〃	〃	sky; day		lexical	U+5929_U+4EFD_00
亭	〃	톙4	〃	〃	pavilion		lexical	U+4EAD_00
亭仔跤	〃	톙아1카1	騎樓	骑楼	diminutive suffix		lexical	U+4EAD_U+4ED4_U+8DE4_00
討債	讨债	토1제	〃	讨债	debt		lexical	U+8A0E_U+50B5_00
桃園	桃园	토흥4	〃	桃园	Taoyuan		lexical	U+6843_U+5712_00
拖	〃	톼1	〃	〃	drag; delay		lexical	U+62D6_00
拖仔	〃	톼5아2	拖鞋	〃	slippers		lexical	U+62D6_U+4ED4_00
傳	传	퇀4	〃	传	transmit; legend		lexical	U+50B3_00
攤	摊	퇄1	〃	摊	spread out; stall		lexical	U+6524_00
屜	屉	퇗	〃	屉	drawer		lexical	U+5C5C_00
替	〃	퇴	〃	〃	replace		lexical	U+66FF_00
挑	〃	툐1	〃	〃	pick; carry		lexical	U+6311_00
吞	〃	툰1	〃	〃	swallow		lexical	U+541E_00
槌槌	〃	튀튀4	笨笨	〃	stupid; foolish		lexical	U+69CC_U+69CC_00
抽	〃	튜1	〃	〃	draw out; pull		lexical	U+62BD_00
湯	汤	틍1	〃	汤	soup; hot water		lexical	U+6E6F_00
糖	〃	틍4	〃	〃	sugar		lexical	U+7CD6_00
糖甘蜜甜	〃	틍감5삗딜1	甜如蜜	〃	sweet as sugar and honey		lexical	U+7CD6_U+7518_U+871C_U+751C_00
湯匙	汤匙	틍5시4	〃	汤匙	soup; hot water; spoon; key		lexical	U+6E6F_U+5319_00
啼	〃	티4	〃	〃	cry; crow		lexical	U+557C_00
天	〃	틸1	〃	〃	sky; day		lexical	U+5929_00
天光	〃	틸5긍1	〃	〃	daybreak; dawn		lexical	U+5929_U+5149_00
天頂	天顶	틸5뎽2	天空	〃	sky; above		lexical	U+5929_U+9802_00
天邊	天边	틸5빌1	〃	天边	horizon; edge of the sky		lexical	U+5929_U+908A_00
天色	〃	틸5셱	〃	〃	sky; day; color		lexical	U+5929_U+8272_00
天搖地動	天摇地动	틸5요데당5	〃	天摇地动	sky; day; earth; place		lexical	U+5929_U+6416_U+5730_U+52D5_00
天星	〃	틸5칠1	星星	〃	stars		lexical	U+5929_U+661F_00
天氣	天气	틸5키	〃	天气	weather		lexical	U+5929_U+6C23_00
牚腿	〃	틸2튀2	腿痠; 腿僵硬	腿酸; 腿僵硬	have stiff, sore legs (from exertion)		lexical	U+725A_U+817F_00
鐵	铁	팋	〃	铁	iron		lexical	U+9435_00
鐵櫥	铁橱	팋1두4	鐵櫃	铁柜	metal cabinet		lexical	U+9435_U+6AE5_00
鐵鏈	铁链	팋1롄5	〃	铁链	iron; chain		lexical	U+9435_U+93C8_00
拋拋走	抛抛走	파5파5ᄌᅷ2	到處跑	到处跑	run; leave		lexical	U+62CB_U+62CB_U+8D70_00
曝	〃	팍1	〃	〃	expose to sun		lexical	U+66DD_00
曝日	〃	팍띧1	〃	〃	sunbathe; expose to the sun		lexical	U+66DD_U+65E5_00
奅	〃	팔5	〃	〃	empty; hollow		lexical	U+5945_00
芳	〃	팡1	〃	〃	fragrant		lexical	U+82B3_00
捧	〃	팡4	〃	〃	hold up; praise		lexical	U+6367_00
芳味	〃	팡5삐5	香味	〃	fragrance; flavor		lexical	U+82B3_U+5473_00
拍	〃	팧	〃	〃	hit; beat		lexical	U+62CD_00
拍拚	〃	팧1뱔	努力	〃	strive; work hard		lexical	U+62CD_U+62DA_00
拍算	〃	팧1승	打算	〃	plan; calculate		lexical	U+62CD_U+7B97_00
拍招呼	〃	팧1죠5허1	打招呼	〃	hit; beat		lexical	U+62CD_U+62DB_U+547C_00
拍開	拍开	팧1퀴1	〃	拍开	to open		lexical	U+62CD_U+958B_00
泡	〃	ᄑᅷ	〃	〃	soak; bubble		lexical	U+6CE1_00
泡茶	〃	ᄑᅷ2데4	〃	〃	make tea		lexical	U+6CE1_U+8336_00
泡麵	泡面	ᄑᅷ2미5	〃	泡面	instant noodles		lexical	U+6CE1_U+9EB5_00
歹	〃	팰2	壞	坏	bad		lexical	U+6B79_00
歹囝	〃	팰1걀2	壞孩子	坏孩子	bad child		lexical	U+6B79_U+56DD_00
歹行	〃	팰1걀4	難走	难走	bad; walk; go		lexical	U+6B79_U+884C_00
歹過	歹过	팰1궤	難過	难过	bad; pass; exceed		lexical	U+6B79_U+904E_00
歹勢	歹势	팰1세	害羞; 不好意思	〃	shy; embarrassed		lexical	U+6B79_U+52E2_00
歹運	歹运	팰1운5	壞運氣	坏运气	bad luck		lexical	U+6B79_U+904B_00
歹款	〃	팰1콴2	不像樣; 不當行為	不像样; 不当行为	bad style; improper behavior		lexical	U+6B79_U+6B3E_00
歹看	〃	팰1콸	難看	难看	ugly; unpleasant to look at		lexical	U+6B79_U+770B_00
飄	飘	ᄑᆤ1	〃	飘	float; flutter		lexical	U+98C4_00
飄浪	飘浪	ᄑᆤ5렁5	〃	飘浪	wander; drift		lexical	U+98C4_U+6D6A_00
飄飄	飘飘	ᄑᆤ5ᄑᆤ1	〃	飘飘	floating; fluttering		lexical	U+98C4_U+98C4_00
飄撇	飘撇	ᄑᆤ5폗	瀟灑	潇洒	stylish; charming; carefree		lexical	U+98C4_U+6487_00
普	〃	퍼2	〃	〃	general; common		lexical	U+666E_00
譜	谱	퍼2	〃	谱	score; record		lexical	U+8B5C_00
菩薩	菩萨	퍼삳	〃	菩萨	bodhisattva		lexical	U+83E9_U+85A9_00
普通	〃	퍼1텅1	〃	〃	ordinary; common		lexical	U+666E_U+901A_00
博物館	博物馆	퍽1뿓관2	〃	博物馆	thing; hall; shop; institution		lexical	U+535A_U+7269_U+9928_00
博士	〃	퍽1수5	〃	〃	broad; doctorate; scholar; specialist		lexical	U+535A_U+58EB_00
膨風	膨风	펑2헝1	腹脹; 吹牛	腹胀; 吹牛	feel bloated; brag		lexical	U+81A8_U+98A8_00
碧山	〃	폑1산1	〃	〃	mountain		lexical	U+78A7_U+5C71_00
騙	骗	폔	〃	骗	deceive		lexical	U+9A19_00
騙人	骗人	폔2랑4	〃	骗人	deceive people		lexical	U+9A19_U+4EBA_00
騙子	骗子	폔2주2	〃	骗子	liar; swindler		lexical	U+9A19_U+5B50_00
偏偏	〃	폔5폔1	〃	〃	partial; one-sided		lexical	U+504F_U+504F_00
撇	〃	폗	〃	〃	cast aside; skim		lexical	U+6487_00
撇步	〃	폗1버5	訣竅	诀窍	step		lexical	U+6487_U+6B65_00
波	〃	포1	〃	〃	wave		lexical	U+6CE2_00
抱	〃	포5	〃	〃	hold; embrace		lexical	U+62B1_00
波浪	〃	포5렁5	〃	〃	waves		lexical	U+6CE2_U+6D6A_00
波紋	波纹	포5뿐4	〃	波纹	wave; pattern; line		lexical	U+6CE2_U+7D0B_00
破	〃	퐈	〃	〃	break; broken		lexical	U+7834_00
破腹	〃	퐈2박	剖腹; 說心裡話	剖腹; 说心里话	rip open abdomen; to speak from one's heart		lexical	U+7834_U+8179_00
破病	〃	퐈2벨5	生病	〃	illness		lexical	U+7834_U+75C5_00
破病	〃	퐈2빌5	生病	〃	illness		lexical	U+7834_U+75C5_01
伴	〃	퐐5	〃	〃	companion; accompany		lexical	U+4F34_00
票	〃	표	〃	〃	ticket		lexical	U+7968_00
浮	〃	푸4	〃	〃	float		lexical	U+6D6E_00
浮沉	〃	푸딤4	〃	〃	float; sink; deep		lexical	U+6D6E_U+6C89_00
潘	〃	푼1	〃	〃	Pan; surname		lexical	U+6F58_00
批	〃	풰1	〃	〃	batch; criticize; letter		lexical	U+6279_00
配	〃	풰	〃	〃	match; distribute		lexical	U+914D_00
皮	〃	풰4	〃	〃	skin; leather		lexical	U+76AE_00
被單	被单	풰돨1	〃	被单	single; alone		lexical	U+88AB_U+55AE_00
皮膚	皮肤	풰후1	〃	皮肤	skin; leather		lexical	U+76AE_U+819A_00
屁	〃	퓌	〃	〃	fart; nonsense		lexical	U+5C41_00
脾氣	脾气	피키	〃	脾气	spleen; temper; air; energy		lexical	U+813E_U+6C23_00
品	〃	핀2	〃	〃	goods; quality		lexical	U+54C1_00
片	〃	필	〃	〃	piece; slice		lexical	U+7247_00
鼻	〃	필5	〃	〃	nose		lexical	U+9F3B_00
鼻屎	〃	필새2	〃	〃	booger		lexical	U+9F3B_U+5C4E_00
鼻空	〃	필캉1	鼻孔	〃	nostril		lexical	U+9F3B_U+7A7A_00
下課	下课	하코	〃	下课	after class		lexical	U+4E0B_U+8AB2_00
學生	学生	학솅1	〃	学生	student		lexical	U+5B78_U+751F_00
學士	学士	학수5	〃	学士	bachelor; scholar		lexical	U+5B78_U+58EB_00
漢	汉	한	〃	汉	Han; Chinese		lexical	U+6F22_00
限	〃	한5	〃	〃	limit		lexical	U+9650_00
韓國	韩国	한걱	〃	韩国	South Korea		lexical	U+97D3_U+570B_00
韓國人	韩国人	한걱1랑4	〃	韩国人	South Korean		lexical	U+97D3_U+570B_U+4EBA_00
寒冬	〃	한당1	〃	〃	cold winter		lexical	U+5BD2_U+51AC_00
漢字	汉字	한2띠5	〃	汉字	Chinese character		lexical	U+6F22_U+5B57_00
蚶	〃	함1	〃	〃	clam		lexical	U+86B6_00
譀	〃	함	吹牛; 誇大	吹牛; 夸大	boast; exaggerate		lexical	U+8B40_00
和	〃	함5	〃	〃	and; with; harmony		lexical	U+548C_00
譀叫	〃	함2교	叫喊	〃	shout; call		lexical	U+8B40_U+53EB_00
蚶仔	〃	함5아2	蚶	〃	diminutive suffix		lexical	U+86B6_U+4ED4_00
航	〃	항4	〃	〃	sail; aviation		lexical	U+822A_00
項	项	항5	〃	项	item; neck		lexical	U+9805_00
肨奶	〃	항2롕1	胖乎乎	〃	plump (of a baby)		lexical	U+80A8_U+5976_00
降伏	〃	항헉1	〃	〃	descend; subdue; submit; hide		lexical	U+964D_U+4F0F_00
吼	〃	ᄒᅷ2	〃	〃	roar; shout		lexical	U+543C_00
後生	后生	ᄒᅷ셀1	兒子	儿子	son		lexical	U+5F8C_U+751F_00
後生	后生	ᄒᅷ실1	兒子	儿子	son		lexical	U+5F8C_U+751F_01
海	〃	해2	〃	〃	sea		lexical	U+6D77_00
還	还	해4	〃	还	still; return		lexical	U+9084_00
害	〃	해5	〃	〃	harm		lexical	U+5BB3_00
海角	〃	해1각	〃	〃	sea		lexical	U+6D77_U+89D2_00
海上	〃	해1셩5	〃	〃	sea		lexical	U+6D77_U+4E0A_00
海湧	海涌	해1옝2	海浪	〃	sea wave		lexical	U+6D77_U+6E67_00
海水	〃	해1쥐2	〃	〃	seawater		lexical	U+6D77_U+6C34_00
海海	〃	해1해2	平常	〃	nothing out of the ordinary		lexical	U+6D77_U+6D77_00
海風	海风	해1헝1	〃	海风	sea breeze		lexical	U+6D77_U+98A8_00
海岸	〃	해1활5	〃	〃	sea coast		lexical	U+6D77_U+5CB8_00
兄	〃	햘1	〃	〃	elder brother		lexical	U+5144_00
兄弟	〃	햘5디5	〃	〃	elder brother; younger brother		lexical	U+5144_U+5F1F_00
兄弟姊妹	〃	햘5디지1뭬5	〃	〃	siblings		lexical	U+5144_U+5F1F_U+59CA_U+59B9_00
兄弟姊妹	〃	햘5디지1뻬5	〃	〃	siblings		lexical	U+5144_U+5F1F_U+59CA_U+59B9_01
薟	莶	햠1	辣	〃	spicy		lexical	U+859F_00
嫌	〃	햠4	〃	〃	dislike; suspect		lexical	U+5ACC_00
薟椒	莶椒	햠5죠1	辣椒	〃	chilli		lexical	U+859F_U+6912_00
響	响	향2	〃	响	sound; echo		lexical	U+97FF_00
響起	响起	향1키2	〃	响起	start (of a sound or music)		lexical	U+97FF_U+8D77_00
遐	〃	햫	那麼	那么	that much; so		lexical	U+9050_00
遐邇	遐迩	햫1니5	那麼	那么	that much; to that extent		lexical	U+9050_U+9087_00
曉	晓	ᄒᆤ2	〃	晓	understand		lexical	U+66C9_00
囂俳	嚣俳	ᄒᆤ5배1	傲慢	〃	arrogant		lexical	U+56C2_U+4FF3_00
虎	〃	허2	〃	〃	tiger		lexical	U+864E_00
護	护	허5	〃	护	protect		lexical	U+8B77_00
雨	〃	허5	〃	〃	rain		lexical	U+96E8_00
雨聲	雨声	허샬1	〃	雨声	sound of rain		lexical	U+96E8_U+8072_00
互相	〃	허셩1	〃	〃	mutual		lexical	U+4E92_U+76F8_00
雨傘	雨伞	허솰	〃	雨伞	umbrella		lexical	U+96E8_U+5098_00
護照	护照	허죠	〃	护照	passport		lexical	U+8B77_U+7167_00
雨水	〃	허쥐2	〃	〃	rainwater		lexical	U+96E8_U+6C34_00
福	〃	헉	〃	〃	blessing; good fortune		lexical	U+798F_00
福建	〃	헉1곈	〃	〃	Fujian		lexical	U+798F_U+5EFA_00
福建人	〃	헉1곈2랑4	〃	〃	Hokkien person; Fujian person		lexical	U+798F_U+5EFA_U+4EBA_00
福建麵	福建面	헉1곈2미5	〃	福建面	Hokkien mee		lexical	U+798F_U+5EFA_U+9EB5_00
福建話	福建话	헉1곈2웨5	〃	福建话	Hokkien speech		lexical	U+798F_U+5EFA_U+8A71_00
複製	复制	헉1제	〃	复制	make; manufacture		lexical	U+8907_U+88FD_00
福氣	福气	헉1키	〃	福气	good fortune		lexical	U+798F_U+6C23_00
風	风	헝1	〃	风	wind		lexical	U+98A8_00
風景	风景	헝5곙2	〃	风景	view		lexical	U+98A8_U+666F_00
放蕩	放荡	헝2덩5	〃	放荡	put; release		lexical	U+653E_U+8569_00
皇帝	〃	헝데	〃	〃	emperor		lexical	U+7687_U+5E1D_00
風中	风中	헝5뎡1	〃	风中	in the wind		lexical	U+98A8_U+4E2D_00
奉陪	〃	헝붸4	〃	〃	accompany		lexical	U+5949_U+966A_00
風霜	风霜	헝5성1	〃	风霜	wind		lexical	U+98A8_U+971C_00
風湧	风涌	헝5옝2	風浪	风浪	wind and wave		lexical	U+98A8_U+6E67_00
風雨	风雨	헝5우2	〃	风雨	wind and rain		lexical	U+98A8_U+96E8_00
風吹	风吹	헝5췌1	〃	风吹	wind		lexical	U+98A8_U+5439_00
風颱	风台	헝5태1	颱風	台风	wind		lexical	U+98A8_U+98B1_00
風雨	风雨	헝5허5	〃	风雨	wind and rain		lexical	U+98A8_U+96E8_01
風風雨雨	风风雨雨	헝5헝5우1우2	〃	风风雨雨	wind and rain		lexical	U+98A8_U+98A8_U+96E8_U+96E8_00
黃昏	黄昏	헝훈1	〃	黄昏	dusk		lexical	U+9EC3_U+660F_00
蝦	虾	헤4	〃	虾	shrimp		lexical	U+8766_00
下落不明	〃	헤롷붇1뼹4	〃	〃	whereabouts unknown		lexical	U+4E0B_U+843D_U+4E0D_U+660E_00
郁	〃	혁	〃	〃	luxuriant; anxious		lexical	U+90C1_00
向	〃	형	〃	〃	toward; direction		lexical	U+5411_00
香港	〃	형5강2	〃	〃	Hong Kong		lexical	U+9999_U+6E2F_00
向前行	〃	형2졘걀4	〃	〃	to strive; to move forward		lexical	U+5411_U+524D_U+884C_00
雄雄	〃	형형4	突然	〃	suddenly		lexical	U+96C4_U+96C4_00
獻	献	혠	〃	献	offer; present		lexical	U+737B_00
現代	现代	혠대	〃	现代	present era		lexical	U+73FE_U+4EE3_00
現身	现身	혠신1	〃	现身	body		lexical	U+73FE_U+8EAB_00
現實	现实	혠싣1	〃	现实	real; solid		lexical	U+73FE_U+5BE6_00
興	兴	혱1	〃	兴	interest; prosper		lexical	U+8208_00
衡	〃	혱4	〃	〃	balance; weigh		lexical	U+8861_00
幸	〃	혱5	〃	〃	fortunate; happiness		lexical	U+5E78_00
行李	〃	혱리2	〃	〃	luggage		lexical	U+884C_U+674E_00
形影	〃	혱얄2	〃	〃	shadow; image		lexical	U+5F62_U+5F71_00
行為	行为	혱위4	〃	行为	behavior		lexical	U+884C_U+70BA_00
行蹤	行踪	혱정1	〃	行踪	whereabouts; movements		lexical	U+884C_U+8E64_00
興趣	兴趣	혱2추	〃	兴趣	interest; prosper; fun		lexical	U+8208_U+8DA3_00
胸坎	〃	혱5캄2	胸口	〃	chest; pit; uneven		lexical	U+80F8_U+574E_00
幸福	〃	혱헉	〃	〃	happiness; good fortune		lexical	U+5E78_U+798F_00
好	〃	호2	〃	〃	good		lexical	U+597D_00
何	〃	호4	〃	〃	what; how		lexical	U+4F55_00
和	〃	호4	〃	〃	harmony		lexical	U+548C_01
河	〃	호4	〃	〃	river		lexical	U+6CB3_00
號	号	호5	〃	号	number; call		lexical	U+865F_00
好囝	〃	호1걀2	好孩子	〃	good kid		lexical	U+597D_U+56DD_00
好額	好额	호1꺟1	有錢	有钱	rich		lexical	U+597D_U+984D_00
好茶	〃	호1데4	〃	〃	good tea		lexical	U+597D_U+8336_00
好命	〃	호1먀5	〃	〃	good life		lexical	U+597D_U+547D_00
何必	〃	호빋	〃	〃	why must it be		lexical	U+4F55_U+5FC5_00
好夢	好梦	호1빵5	〃	好梦	good dream		lexical	U+597D_U+5922_00
好勢	好势	호1세	好	〃	good		lexical	U+597D_U+52E2_00
何時	何时	호시4	〃	何时	when; what time		lexical	U+4F55_U+6642_00
好運	好运	호1운5	〃	好运	good luck		lexical	U+597D_U+904B_00
好食	〃	호1쟣1	好吃	〃	delicious		lexical	U+597D_U+98DF_00
好水	〃	호1쥐2	〃	〃	good water		lexical	U+597D_U+6C34_00
好車	好车	호1챠1	〃	好车	good car		lexical	U+597D_U+8ECA_00
何處	何处	호추	〃	何处	what; how; place; deal with		lexical	U+4F55_U+8655_00
好看	〃	호1콸	〃	〃	good-looking; nice to look at		lexical	U+597D_U+770B_00
好歹	〃	호1팰2	好壞	好坏	good or bad		lexical	U+597D_U+6B79_00
好漢	好汉	호1한	〃	好汉	good man		lexical	U+597D_U+6F22_00
好好	〃	호1호2	〃	〃	good		lexical	U+597D_U+597D_00
華	华	화4	〃	华	splendid; Chinese		lexical	U+83EF_00
華語	华语	화꾸2	〃	华语	Mandarin Chinese		lexical	U+83EF_U+8A9E_00
花容月貌	〃	화5영꽏ᄆᅷ5	〃	〃	moon; month		lexical	U+82B1_U+5BB9_U+6708_U+8C8C_00
反	〃	환2	〃	〃	opposite; turn against		lexical	U+53CD_00
凡	〃	환4	〃	〃	ordinary; all		lexical	U+51E1_00
煩	烦	환4	〃	烦	annoyed; troublesome		lexical	U+7169_00
環	环	환4	〃	环	ring; surrounding		lexical	U+74B0_00
繁	〃	환4	〃	〃	complex; flourishing		lexical	U+7E41_00
環境	环境	환곙2	〃	环境	environment		lexical	U+74B0_U+5883_00
歡迎	欢迎	환5꼥4	〃	欢迎	welcome		lexical	U+6B61_U+8FCE_00
煩惱	烦恼	환로2	〃	烦恼	worry; trouble		lexical	U+7169_U+60F1_00
反背	〃	환1붸5	反叛	〃	betray; go against		lexical	U+53CD_U+80CC_00
凡勢	凡势	환세	也許	也许	ordinary; all; force; situation		lexical	U+51E1_U+52E2_00
凡事	〃	환수5	〃	〃	matter; affair		lexical	U+51E1_U+4E8B_00
幻化	〃	환화	〃	〃	illusion; transform; change		lexical	U+5E7B_U+5316_00
繁華	繁华	환화4	〃	繁华	bustling; prosperous		lexical	U+7E41_U+83EF_00
繁花	〃	환훼1	〃	〃	blooming flowers		lexical	U+7E41_U+82B1_00
法	〃	홛	〃	〃	law; method		lexical	U+6CD5_00
發	发	홛	〃	发	send out; develop		lexical	U+767C_00
法度	〃	홛1더5	〃	〃	law; method; degree; measure		lexical	U+6CD5_U+5EA6_00
發展	发展	홛1뎬2	〃	发展	send out; develop; unfold		lexical	U+767C_U+5C55_00
法寶	法宝	홛1보2	〃	法宝	treasured method; magic weapon		lexical	U+6CD5_U+5BF6_00
發生	发生	홛1솅1	〃	发生	happen		lexical	U+767C_U+751F_00
發現	发现	홛1혠5	〃	发现	send out; develop; present; appear		lexical	U+767C_U+73FE_00
歡	欢	활1	〃	欢	happy; welcome		lexical	U+6B61_00
岸	〃	활5	〃	〃	shore; bank		lexical	U+5CB8_00
捍	〃	활5	〃	〃	defend; guard		lexical	U+634D_00
捍車	捍车	활챠1	攔車	拦车	vehicle		lexical	U+634D_U+8ECA_00
歡歡喜喜	欢欢喜喜	활5활5히1히2	〃	欢欢喜喜	happily; cheerfully		lexical	U+6B61_U+6B61_U+559C_U+559C_00
歡喜	欢喜	활5히2	〃	欢喜	happy; like		lexical	U+6B61_U+559C_00
懷疑	怀疑	홰끼4	〃	怀疑	harbor; miss; doubt; suspect		lexical	U+61F7_U+7591_00
橫直	横直	홸딛1	反正	〃	straight		lexical	U+6A6B_U+76F4_00
後果	后果	효고2	〃	后果	consequence		lexical	U+5F8C_U+679C_00
後悔	后悔	효훼2	〃	后悔	after; behind		lexical	U+5F8C_U+6094_00
歇睏	歇困	훃1쿤	休息	〃	to rest		lexical	U+6B47_U+774F_00
烌	〃	후1	灰塵; 灰燼	灰尘; 灰烬	dust; ash		lexical	U+70CC_00
付	〃	후	〃	〃	pay; hand over		lexical	U+4ED8_00
駙馬	驸马	후마2	〃	驸马	horse		lexical	U+99D9_U+99AC_00
負責任	负责任	후졕1띰5	〃	负责任	carry; betray; responsibility; blame; duty		lexical	U+8CA0_U+8CAC_U+4EFB_00
分	〃	훈1	〃	〃	divide; minute; cent		lexical	U+5206_01
薰	〃	훈1	香; 煙	香; 烟	fragrant; smoke		lexical	U+85B0_00
粉	〃	훈2	〃	〃	flour; powder		lexical	U+7C89_00
奮	奋	훈	〃	奋	exert; vigorous		lexical	U+596E_00
痕	〃	훈4	〃	〃	mark; scar		lexical	U+75D5_00
雲	云	훈4	〃	云	cloud		lexical	U+96F2_00
魂	〃	훈4	〃	〃	soul		lexical	U+9B42_00
分	〃	훈5	〃	〃	divide; minute; cent		lexical	U+5206_02
恨	〃	훈5	〃	〃	hate; regret		lexical	U+6068_00
昏	〃	훈5	〃	〃	dusk; dim		lexical	U+660F_00
粉粿	〃	훈1궤2	〃	〃	flour; powder; rice cake		lexical	U+7C89_U+7CBF_00
奮鬥	奋斗	훈2ᄃᅷ	〃	奋斗	struggle; strive		lexical	U+596E_U+9B25_00
雲中	云中	훈뎡1	〃	云中	in the clouds		lexical	U+96F2_U+4E2D_00
痕跡	痕迹	훈떃	〃	痕迹	mark; scar; trace		lexical	U+75D5_U+8DE1_00
分離	分离	훈5리5	〃	分离	separate; part		lexical	U+5206_U+96E2_00
雲林	云林	훈림4	〃	云林	Yunlin		lexical	U+96F2_U+6797_00
狠心	〃	훈심1	〃	〃	ruthless		lexical	U+72E0_U+5FC3_00
雲煙	云烟	훈옌1	〃	云烟	cloud; smoke		lexical	U+96F2_U+7159_00
雲遊四海	云游四海	훈유수2해2	〃	云游四海	sail the seven seas		lexical	U+96F2_U+904A_U+56DB_U+6D77_00
分開	分开	훈5퀴1	〃	分开	separate		lexical	U+5206_U+958B_00
雲海	云海	훈해2	〃	云海	sea		lexical	U+96F2_U+6D77_00
紛飛	纷飞	훈5휘1	〃	纷飞	fly		lexical	U+7D1B_U+98DB_00
忽	〃	훋	〃	〃	sudden; neglect		lexical	U+5FFD_00
忽然	〃	훋1뗸4	〃	〃	suddenly		lexical	U+5FFD_U+7136_00
花	〃	훼1	〃	〃	flower		lexical	U+82B1_00
火	〃	훼2	〃	〃	fire		lexical	U+706B_00
歲	岁	훼	〃	岁	year; age		lexical	U+6B72_00
回	〃	훼4	〃	〃	return		lexical	U+56DE_00
火著	火着	훼1돟1	著火	〃	on fire		lexical	U+706B_U+8457_00
回禮	回礼	훼레2	〃	回礼	return a courtesy		lexical	U+56DE_U+79AE_00
花蕊	〃	훼5뤼2	〃	〃	flower; flower bud; stamen		lexical	U+82B1_U+854A_00
火燒	火烧	훼1쇼1	〃	火烧	fire; burning		lexical	U+706B_U+71D2_00
火王爺	火王爷	훼1엉야4	〃	火王爷	Fire King (deity)		lexical	U+706B_U+738B_U+723A_00
花雨	〃	훼5우2	〃	〃	rain		lexical	U+82B1_U+96E8_00
火車	火车	훼1챠1	〃	火车	train		lexical	U+706B_U+8ECA_00
歲頭	岁头	훼2ᄐᅷ4	年初	〃	head		lexical	U+6B72_U+982D_00
回頭	回头	훼ᄐᅷ4	〃	回头	turn back; look back		lexical	U+56DE_U+982D_00
回航	〃	훼항4	〃	〃	return		lexical	U+56DE_U+822A_00
花園	花园	훼5흥4	〃	花园	flower; garden; park		lexical	U+82B1_U+5712_00
血	〃	휗	〃	〃	blood		lexical	U+8840_00
輝	辉	휘1	〃	辉	radiance		lexical	U+8F1D_00
飛機	飞机	휘5기1	〃	飞机	aeroplane; airplane		lexical	U+98DB_U+6A5F_01
惠安	〃	휘왈1	〃	〃	Hui'an		lexical	U+60E0_U+5B89_00
香	〃	휼1	〃	〃	fragrant		lexical	U+9999_00
遠	远	흥5	〃	远	far		lexical	U+9060_00
遠遠	远远	흥흥5	〃	远远	far		lexical	U+9060_U+9060_00
魚	鱼	희4	〃	鱼	fish		lexical	U+9B5A_00
喜	〃	히2	〃	〃	joy; like		lexical	U+559C_00
戲	戏	히	〃	戏	play; drama		lexical	U+6232_00
戲弄	戏弄	히2랑5	〃	戏弄	tease; play with		lexical	U+6232_U+5F04_00
希望	〃	히5빵5	〃	〃	hope; rare; look		lexical	U+5E0C_U+671B_00
稀微	〃	히5삐4	孤寂	〃	rare; thin; slight; subtle		lexical	U+7A00_U+5FAE_00
犧牲	牺牲	히5솅1	〃	牺牲	sacrifice; livestock		lexical	U+72A7_U+7272_00
彼	〃	힏	〃	〃	that		lexical	U+5F7C_00
彼个	〃	힏1에4	那個	那个	that		lexical	U+5F7C_U+4E2A_00
耳	〃	힐5	〃	〃	ear		lexical	U+8033_00
耳空	〃	힐캉1	耳孔	〃	ear		lexical	U+8033_U+7A7A_00
翕	〃	힙	〃	〃	close; gather		lexical	U+7FD5_00
硬	〃	ᅙᅦ5	〃	〃	hard		lexical	U+786C_00
硬	〃	ᅙᅵ5	〃	〃	hard		lexical	U+786C_01
二十	〃	능잡1*	〃	〃	twenty	띠잡1	correction_alias	U+4E8C_U+5341_01
二十箍	〃	능잡커1*	二十元	〃	twenty dollars	띠잡커1	correction_alias	U+4E8C_U+5341_U+7B8D_01
兩千箍	两千箍	능쳰5커1*	兩千元	两千元	two thousand dollars	능촁5커1	correction_alias	U+5169_U+5343_U+7B8D_01
明仔載	明仔载	먀4재*	明天	〃	bright; clear; diminutive suffix	삔아1재	correction_alias	U+660E_U+4ED4_U+8F09_01
新加坡	〃	신5가5포1*	〃	〃	Singapore	신5가5보1	correction_alias	U+65B0_U+52A0_U+5761_01
一千箍	〃	짇쳰5커1*	一千元	〃	one thousand dollars	짇촁5커1	correction_alias	U+4E00_U+5343_U+7B8D_01
千箍	〃	쳰5커1*	千元	〃	thousand; dollar; ring	촁5커1	correction_alias	U+5343_U+7B8D_01
傳說	传说	퇀솯*	〃	传说	legend; folklore	돤솯	correction_alias	U+50B3_U+8AAA_01
貧惰	贫惰	핀돨5*	懶惰	懒惰	poor; lazy	빈돨5	correction_alias	U+8CA7_U+60F0_01
0		0				컹	number_pronunciation	U+0030_00
1		1				짇1	number_pronunciation	U+0031_00
2		2				띠5	number_pronunciation	U+0032_00
3		3				살1	number_pronunciation	U+0033_00
4		4				시	number_pronunciation	U+0034_00
5		5				꺼5	number_pronunciation	U+0035_00
6		6				락1	number_pronunciation	U+0036_00
7		7				칟	number_pronunciation	U+0037_00
8		8				뵣	number_pronunciation	U+0038_00
9		9				ᄀᅷ2	number_pronunciation	U+0039_00
